089,094,240,253,256,259,268,289,480,543,736,737,738,754,808,842,845,846,876,879,item_cd,store_cd,îÑâø,ì˙ït,î≠íçéc,à⁄ëóíÜ,ëçç›å…ó ,îÃîÑâ¬î\ç›å…
,,,,,,,,,,,,,,,,,,,,4955595097415,861,0.0,2017-08-01,,,,
,,,,,,,,,,,,,,,,,,,,4955595097415,861,0.0,2017-08-02,,,,
,,,,,,,,,,,,,,,,,,,,4955595097415,861,0.0,2017-08-03,,,,
,,,,,,,,,,,,,,,,,,,,4955595097415,861,0.0,2017-08-04,,,,
,,,,,,,,,,,,,,,,,,,,4955595097415,861,0.0,2017-08-05,,,,
,,,,,,,,,,,,,,,,,,,,4955595097415,861,0.0,2017-08-06,,,,
,,,,,,,,,,,,,,,,,,,,4955595097415,861,0.0,2017-08-07,,,,
,,,,,,,,,,,,,,,,,,,,4955595097415,861,0.0,2017-08-08,,,,
,,,,,,,,,,,,,,,,,,,,4955595097415,861,0.0,2017-08-09,,,,
,,,,,,,,,,,,,,,,,,,,4955595097415,861,0.0,2017-08-10,,,,
,,,,,,,,,,,,,,,,,,,,4955595097415,861,0.0,2017-08-11,,,,
,,,,,,,,,,,,,,,,,,,,4955595097415,861,0.0,2017-08-12,,,,
,,,,,,,,,,,,,,,,,,,,4955595097415,861,0.0,2017-08-13,,,,
,,,,,,,,,,,,,,,,,,,,4955595097415,861,0.0,2017-08-14,,,,
,,,,,,,,,,,,,,,,,,,,4955595097415,861,0.0,2017-08-15,,,,
,,,,,,,,,,,,,,,,,,,,4955595097415,861,0.0,2017-08-16,,,,
,,,,,,,,,,,,,,,,,,,,4955595097415,861,0.0,2017-08-17,,,,
,,,,,,,,,,,,,,,,,,,,4955595097415,861,0.0,2017-08-18,,,,
,,,,,,,,,,,,,,,,,,,,4955595097415,861,0.0,2017-08-19,,,,
,,,,,,,,,,,,,,,,,,,,4955595097415,861,0.0,2017-08-20,,,,
,,,,,,,,,,,,,,,,,,,,4955595097415,861,0.0,2017-08-21,,,,
,,,,,,,,,,,,,,,,,,,,4955595097415,861,0.0,2017-08-22,,,,
,,,,,,,,,,,,,,,,,,,,4955595097415,861,0.0,2017-08-23,,,,
,,,,,,,,,,,,,,,,,,,,4955595097415,861,0.0,2017-08-24,,,,
,,,,,,,,,,,,,,,,,,,,4955595097415,861,0.0,2017-08-25,,,,
,,,,,,,,,,,,,,,,,,,,4955595097415,861,0.0,2017-08-26,,,,
,,,,,,,,,,,,,,,,,,,,4955595097415,861,0.0,2017-08-27,,,,
,,,,,,,,,,,,,,,,,,,,4955595097415,861,0.0,2017-08-28,,,,
,,,,,,,,,,,,,,,,,,,,4955595097415,861,0.0,2017-08-29,,,,
,,,,,,,,,,,,,,,,,,,,4955595097415,861,0.0,2017-08-30,,,,
,,,,,,,,,,,,,,,,,,,,4955595097415,861,0.0,2017-08-31,,,,
,15.0,,,,,,,,,,,,,,,,,,,4955595097415,861,,2017-09-01,,,,
,,,,,,,,,,,,,,,,,,,,4955595097415,861,0.0,2017-09-01,,,,
,,,,,,,,,,,,,,,,,,,,4955595097415,861,0.0,2017-09-02,,,,
,,,,,,,,,,,,,,,,,,,,4955595097415,861,0.0,2017-09-03,,,,
,10.0,1.0,,,,,,,,,,,,,,,,,,4955595097415,861,,2017-09-04,,,,
,,,,,,,,,,,,,,,,,,,,4955595097415,861,0.0,2017-09-04,,,,
,,,,,,,,,,,,,,,,,,,,4955595097415,861,0.0,2017-09-05,,,,
,40.0,,,,1.0,,,,,,,,,,,,,,,4955595097415,861,,2017-09-05,,,,
,,,,,,,,,,,,,,,,,,,,4955595097415,861,0.0,2017-09-06,,,,
,,,,,,,,,,,,,,,,,,,,4955595097415,861,0.0,2017-09-07,,,,
,,6.0,,,,,,,,,,,,,,1.0,,,,4955595097415,861,,2017-09-07,,,,
,,,,,,,,,,,,,,,,,,,,4955595097415,861,0.0,2017-09-08,,,,
,,,,,,,,,,,,,,,,,,,,4955595097415,861,0.0,2017-09-09,,,,
,5.0,,,,,,,,,,,,,,,,,,,4955595097415,861,,2017-09-09,,,,
,,,,,,,,,,,,,,,,,,,,4955595097415,861,0.0,2017-09-10,,,,
,,,,,,,,,,,,,,,,,,,,4955595097415,861,0.0,2017-09-11,,,,
,25.0,,,,,,,,,,,,,,,,,,,4955595097415,861,,2017-09-11,,,,
,,,,,,,,,,,,,,,,,,,,4955595097415,861,0.0,2017-09-12,,,,
,,,,,,,,,,,,,,,,,,,,4955595097415,861,0.0,2017-09-13,,,,
,20.0,,,,,,,,,,,,,,,,,,,4955595097415,861,,2017-09-13,,,,
,,,,,,,,,,,,,,,,,,,,4955595097415,861,0.0,2017-09-14,,,,
,5.0,,,,,,,,,,,,,,,,,,,4955595097415,861,,2017-09-14,,,,
,,,,,,,,,,,,,,,,,,,,4955595097415,861,0.0,2017-09-15,,,,
,,,,,,,,,,,,,,,,,,,,4955595097415,861,0.0,2017-09-16,,,,
,,,,,,,,,,,,,,,,,,,,4955595097415,861,0.0,2017-09-17,,,,
,,,,,,,,,1.0,,,,,,,,,,,4955595097415,861,,2017-09-18,,,,
,,,,,,,,,,,,,,,,,,,,4955595097415,861,0.0,2017-09-18,,,,
,,,,,,,,,,,,,,,,,,,,4955595097415,861,0.0,2017-09-19,,,,
,,,,,1.0,,,,,,,,,,,,,,,4955595097415,861,,2017-09-19,,,,
,5.0,,,,,,,,,,,,,,,,,,,4955595097415,861,,2017-09-20,,,,
,,,,,,,,,,,,,,,,,,,,4955595097415,861,0.0,2017-09-20,,,,
,11.0,,,,,,,,1.0,,,,,,,,,,,4955595097415,861,,2017-09-21,,,,
,,,,,,,,,,,,,,,,,,,,4955595097415,861,0.0,2017-09-21,,,,
,,,,,,,,,,,,,,,,,,,,4955595097415,861,0.0,2017-09-22,,,,
,,,,,,,,,,,,,,,,,,,,4955595097415,861,0.0,2017-09-23,,,,
1.0,,,,,,,,,,,,,,,1.0,,,,,4955595097415,861,,2017-09-23,,,,
,,,,,,,,,,,,,,,,,,,,4955595097415,861,0.0,2017-09-24,,,,
,,,,,,,,,,,,,,,,,,,,4955595097415,861,0.0,2017-09-25,,,,
1.0,,,,,,,,,,,,,,,,,,,,4955595097415,861,,2017-09-25,,,,
,,,,,,,,,,,,,,,,,,,,4955595097415,861,0.0,2017-09-26,,,,
,9.0,,,,,,,,1.0,,,,,,,,,,,4955595097415,861,,2017-09-26,,,,
,,,,,,,,,,,,,,,,,,,,4955595097415,861,0.0,2017-09-27,,,,
1.0,5.0,,,,,,,,1.0,,,,,,,,,,,4955595097415,861,,2017-09-27,,,,
,,,,,,,,,,,,,,,,,,,,4955595097415,861,0.0,2017-09-28,,,,
,1.0,,,,,,,,,,,,,,,,,,,4955595097415,861,,2017-09-28,,,,
,,,,,,,,,,,,,,,,,,,,4955595097415,861,0.0,2017-09-29,,,,
,,,,,,,,,,,,,,,,,,,,4955595097415,861,0.0,2017-09-30,,,,
,20.0,,,,,,,,,,,,,,,,,,,4955595097415,861,,2017-09-30,,,,
,,,,,,,,,,,,,,,,,,,,4955595097415,861,0.0,2017-10-01,,,,
,,,,,,,,,,,2.0,,,,,,,,,4955595097415,861,,2017-10-02,,,,
,,,,,,,,,,,,,,,,,,,,4955595097415,861,0.0,2017-10-02,,,,
,,,,,,,,,,,1.0,,,,,,,,,4955595097415,861,,2017-10-03,,,,
,,,,,,,,,,,,,,,,,,,,4955595097415,861,0.0,2017-10-03,,,,
,,,,,,,,,,,,,,,,,,,,4955595097415,861,0.0,2017-10-04,,,,
,30.0,,,,1.0,,,,1.0,,,,,,,,,,,4955595097415,861,,2017-10-04,,,,
,5.0,,,,,,,,,,,,,,,,,,,4955595097415,861,,2017-10-05,,,,
,,,,,,,,,,,,,,,,,,,,4955595097415,861,0.0,2017-10-05,,,,
,,,,,,,,,,,,,,,,,,,,4955595097415,861,0.0,2017-10-06,,,,
,5.0,,,,,,,,,,5.0,,,,,,,,,4955595097415,861,,2017-10-06,,,,
,,,,,,,,,,,,,,,,,,,,4955595097415,861,0.0,2017-10-07,,,,
,,,,,,,,,,,,,,,,,,,,4955595097415,861,0.0,2017-10-08,,,,
,,,,,,,,,,,,,,,,,,,,4955595097415,861,0.0,2017-10-09,,,,
,1.0,1.0,,,,,,,,,,,,,,,,,,4955595097415,861,,2017-10-09,,,,
,40.0,1.0,,,,,,,,,1.0,,,,,,,,,4955595097415,861,,2017-10-10,,,,
,,,,,,,,,,,,,,,,,,,,4955595097415,861,0.0,2017-10-10,,,,
,,,,,,,,,,,,,,,,,,,,4955595097415,861,0.0,2017-10-11,,,,
,,,,,,,,,,,,,,,,,,,,4955595097415,861,0.0,2017-10-12,,,,
1.0,,,,,,,,,,,,,,,,,,,,4955595097415,861,,2017-10-12,,,,
,,,,,,,,,,,,,,,,,,,,4955595097415,861,0.0,2017-10-13,,,,
,7.0,,,,,,,,,,,,,,,,,,,4955595097415,861,,2017-10-13,,,,
,,,,,,,,,,,,,,,,,,,,4955595097415,861,0.0,2017-10-14,,,,
,,,,,,,,,,,,,,,,,,,,4955595097415,861,0.0,2017-10-15,,,,
,,,,,,,,,,,,,,,,,,,,4955595097415,861,0.0,2017-10-16,,,,
,,,,,,,,,,,1.0,,,,,,,,,4955595097415,861,,2017-10-17,,,,
,,,,,,,,,,,,,,,,,,,,4955595097415,861,0.0,2017-10-17,,,,
,,,1.0,,,,,,,,,,,,,,,,,4955595097415,861,,2017-10-18,,,,
,,,,,,,,,,,,,,,,,,,,4955595097415,861,0.0,2017-10-18,,,,
,,1.0,,,,,,,,,,,,,,,,,,4955595097415,861,,2017-10-19,,,,
,,,,,,,,,,,,,,,,,,,,4955595097415,861,0.0,2017-10-19,,,,
,,,,,,,,,,,,,,,,,,,,4955595097415,861,0.0,2017-10-20,,,,
,,,,,,,,,,,,,,,,,,,,4955595097415,861,0.0,2017-10-21,,,,
,,1.0,,,,,,,,,,,,,,,,,,4955595097415,861,,2017-10-22,,,,
,,,,,,,,,,,,,,,,,,,,4955595097415,861,0.0,2017-10-22,,,,
1.0,1.0,,,,,,,,,,,,,,,,,,,4955595097415,861,,2017-10-23,,,,
,,,,,,,,,,,,,,,,,,,,4955595097415,861,0.0,2017-10-23,,,,
,,,,,,,,,,,,,,,,,,,,4955595097415,861,0.0,2017-10-24,,,,
,21.0,,,,,,,,,,,,,,,,,,,4955595097415,861,,2017-10-24,,,,
1.0,10.0,,,,,,,,,,2.0,,,,,,,,,4955595097415,861,,2017-10-25,,,,
,,,,,,,,,,,,,,,,,,,,4955595097415,861,0.0,2017-10-25,,,,
,,,,,,,,,,1.0,,,,,,,,,,4955595097415,861,,2017-10-26,,,,
,,,,,,,,,,,,,,,,,,,,4955595097415,861,0.0,2017-10-26,,,,
,,1.0,,,,,,,,,,,,,,,,,,4955595097415,861,,2017-10-27,,,,
,,,,,,,,,,,,,,,,,,,,4955595097415,861,0.0,2017-10-27,,,,
,,,,,,,,,,,,,,,,,,,,4955595097415,861,0.0,2017-10-28,,,,
,5.0,,,,,,,,,,,,,,,,,,,4955595097415,861,,2017-10-28,,,,
,,,,,,,,,,,,,,,,,,,,4955595097415,861,0.0,2017-10-29,,,,
,,,,,,,,,,,,,,,,,,,,4955595097415,861,0.0,2017-10-30,,,,
,10.0,,,,,,,,,,2.0,,,,,,,,,4955595097415,861,,2017-10-30,,,,
,,,,,,,,,,,,,,,,,,,,4955595097415,861,0.0,2017-10-31,,,,
,,,,,,,,,,,,,,,,,,,,4955595097415,861,12020.0,2017-11-01,0.0,0.0,47.0,47.0
1.0,,,1.0,,,,,,,,2.0,,,,,,,,,4955595097415,861,12020.0,2017-11-02,0.0,0.0,43.0,43.0
,,,,,,,,,,,,,,,,,,,,4955595097415,861,12020.0,2017-11-03,0.0,0.0,43.0,43.0
,5.0,,,,,,,,,,,,,,,,,,,4955595097415,861,12020.0,2017-11-04,0.0,0.0,38.0,38.0
,,,,,,,,,,,,,,,,1.0,,,,4955595097415,861,12020.0,2017-11-05,0.0,0.0,37.0,37.0
2.0,5.0,,,,,,,,1.0,,1.0,1.0,,,,,,,,4955595097415,861,12020.0,2017-11-06,0.0,0.0,27.0,27.0
,,,,,,,,,,,,,,,,,,,,4955595097415,861,12020.0,2017-11-07,11.0,0.0,38.0,27.0
,55.0,,,,,,,,,,,,,,,,,,,4955595097415,861,12020.0,2017-11-08,0.0,0.0,3.0,3.0
,30.0,,,,,,,,,,,,,,,,,,,4955595097415,861,12020.0,2017-11-09,30.0,0.0,33.0,3.0
,,,,,,,,,,,,,,,,,,,,4955595097415,861,12020.0,2017-11-10,17.0,0.0,40.0,23.0
,10.0,,,,,,,,,,,,,,,,,,,4955595097415,861,12020.0,2017-11-11,17.0,0.0,25.0,8.0
,5.0,,,,,,,,,,,,,,,,,,,4955595097415,861,12020.0,2017-11-12,17.0,0.0,25.0,8.0
,,,,,,,,,,,,,,,,,,,,4955595097415,861,12020.0,2017-11-13,34.0,0.0,42.0,8.0
,,,,,,,,,,,,,,,,,,,,4955595097415,861,12020.0,2017-11-14,31.0,0.0,50.0,19.0
,10.0,,,,,,,,,,,,,,,,,,,4955595097415,861,12020.0,2017-11-15,4.0,0.0,40.0,36.0
3.0,,,,,,,,,,,,,,,,,,,,4955595097415,861,12020.0,2017-11-16,12.0,0.0,49.0,37.0
,2.0,,,,,,,,,,,,,,,,,,,4955595097415,861,12020.0,2017-11-17,0.0,0.0,47.0,47.0
1.0,1.0,,,,,,,,,,,,,,,,,,,4955595097415,861,12020.0,2017-11-18,0.0,0.0,45.0,45.0
,,,,,,,,,,,,,,,,,,,,4955595097415,861,12020.0,2017-11-19,0.0,0.0,45.0,45.0
,,1.0,,,,,,,,,,,,,,,,,,4955595097415,861,12020.0,2017-11-20,0.0,0.0,44.0,44.0
,,1.0,,,,,,,,,,,,,,1.0,,,,4955595097415,861,12020.0,2017-11-21,2.0,0.0,44.0,42.0
1.0,,,,,,,,,,,,,,,,,,,,4955595097415,861,12020.0,2017-11-22,0.0,0.0,43.0,43.0
,10.0,,,,,,,,,,,,,,,,,,,4955595097415,861,12020.0,2017-11-23,2.0,0.0,35.0,33.0
,,,,,,,,,,,,,,,,,,,,4955595097415,861,12020.0,2017-11-24,2.0,0.0,35.0,33.0
,10.0,,,,,,,,,,3.0,,,,,,,,,4955595097415,861,12020.0,2017-11-25,0.0,0.0,21.0,21.0
3.0,,,,,,,,,,,,,,,,,,,,4955595097415,861,12020.0,2017-11-26,0.0,0.0,18.0,18.0
1.0,10.0,,,,,,,,,,,,,,,1.0,,,,4955595097415,861,12020.0,2017-11-27,22.0,0.0,28.0,6.0
1.0,,,,,,,,,,,,,,,,,,,,4955595097415,861,12020.0,2017-11-28,0.0,0.0,25.0,25.0
,,,,,,,,,,1.0,,,,,,,,,,4955595097415,861,12020.0,2017-11-29,0.0,0.0,24.0,24.0
,,,,,,,,,,,,,,,,,,,,4955595097415,861,12020.0,2017-11-30,26.0,0.0,50.0,24.0
,20.0,1.0,1.0,,,,,,,,,,,,,,,,,4955595097415,861,12020.0,2017-12-01,0.0,0.0,28.0,28.0
,,,,,,,,,,,,,,,,,,,,4955595097415,861,12020.0,2017-12-02,0.0,0.0,28.0,28.0
,,,,,,,,,,,,,,,,,,,,4955595097415,861,12020.0,2017-12-03,0.0,0.0,28.0,28.0
,,,,,,,,,,1.0,,,,,,,,,,4955595097415,861,12020.0,2017-12-04,16.0,0.0,43.0,27.0
1.0,10.0,,1.0,,,,,,,,1.0,,,,,,,,,4955595097415,861,12020.0,2017-12-05,0.0,0.0,30.0,30.0
,,1.0,,,,,,,,,,,,,,,,,,4955595097415,861,12020.0,2017-12-06,3.0,0.0,32.0,29.0
,,,,,,,,,,,,,,,,1.0,,,,4955595097415,861,12020.0,2017-12-07,5.0,0.0,6.0,1.0
,50.0,,,,,,,,,1.0,1.0,,,,,,,,,4955595097415,861,12020.0,2017-12-08,21.0,0.0,25.0,4.0
,,,,,,,,,,,,,,,,,,,,4955595097415,861,12020.0,2017-12-09,0.0,0.0,25.0,25.0
,,,,,,,,,,,,,,,,,,,,4955595097415,861,12020.0,2017-12-10,0.0,0.0,25.0,25.0
,,,,,1.0,,,,,,,,,,,,,,,4955595097415,861,12020.0,2017-12-11,10.0,0.0,34.0,24.0
,10.0,,,,1.0,,,,,,,1.0,,,,1.0,,,,4955595097415,861,12020.0,2017-12-12,45.0,0.0,56.0,11.0
,5.0,,,,,,,,,,,,,,,,,,,4955595097415,861,12020.0,2017-12-13,28.0,0.0,51.0,23.0
,,,,,,,,,,,,,,,,,,,,4955595097415,861,12020.0,2017-12-14,13.0,0.0,64.0,51.0
,25.0,,,,,,,,,2.0,,,,,,,,,,4955595097415,861,12020.0,2017-12-15,13.0,0.0,37.0,24.0
,,,,,,,,,,,,,,,,,,,,4955595097415,861,12020.0,2017-12-16,0.0,0.0,37.0,37.0
,,1.0,,,,,,,,,,,,,,,,,,4955595097415,861,12020.0,2017-12-17,0.0,0.0,36.0,36.0
,,,,,1.0,,,,,0.0,,,,,,,,,,4955595097415,861,12020.0,2017-12-18,22.0,0.0,57.0,35.0
1.0,,1.0,,,,,,,,,,,,,,,,,,4955595097415,861,12020.0,2017-12-19,22.0,0.0,55.0,33.0
,,,,,,,,,,,,,,,,,,,,4955595097415,861,12020.0,2017-12-20,0.0,0.0,55.0,55.0
1.0,10.0,,,,,,,,,,,,,,,,,,,4955595097415,861,12020.0,2017-12-21,0.0,0.0,44.0,44.0
,,1.0,,,,,,,,1.0,,,,,,,,,,4955595097415,861,12020.0,2017-12-22,0.0,0.0,42.0,42.0
,,,,,,,,,,,,,,,,,,,,4955595097415,861,12020.0,2017-12-23,0.0,0.0,42.0,42.0
,1.0,,,,,,,,,,,,,,,,,,,4955595097415,861,12020.0,2017-12-24,0.0,0.0,41.0,41.0
,,,,,1.0,,,,,,,,,,,,,,,4955595097415,861,12020.0,2017-12-25,5.0,0.0,45.0,40.0
,,,,,,,,,,,,,,,,,,,,4955595097415,861,12020.0,2017-12-26,5.0,0.0,45.0,40.0
,,1.0,,,,,,,,1.0,,,,,,,,,,4955595097415,861,12020.0,2017-12-27,7.0,0.0,50.0,43.0
,,,,,,,,,,,,,,,,,,,,4955595097415,861,12020.0,2017-12-28,7.0,0.0,50.0,43.0
,,1.0,,,,,,,,,,,,,,,,,1.0,4955595097415,861,12020.0,2017-12-29,0.0,0.0,48.0,48.0
,,,,,,,,,,,,,,,,,,,,4955595097415,861,12020.0,2017-12-30,0.0,0.0,48.0,48.0
,,,,,,,,,,,,,,,,,,,,4955595097415,861,12020.0,2017-12-31,0.0,0.0,48.0,48.0
,,,,,,,,,,,,,,,,,,,,4955595097415,861,12020.0,2018-01-01,0.0,0.0,48.0,48.0
,,,,,,,,,,,,,,,,,,,,4955595097415,861,12020.0,2018-01-02,0.0,0.0,48.0,48.0
,,,,,,,,,,,,,,,,,,,,4955595097415,861,12020.0,2018-01-03,0.0,0.0,48.0,48.0
1.0,15.0,,,,,,,,,,,0.0,,,,,,,,4955595097415,861,12020.0,2018-01-04,0.0,0.0,32.0,32.0
,20.0,,,,,,,,,,1.0,,,,,,,,,4955595097415,861,12020.0,2018-01-05,0.0,0.0,11.0,11.0
1.0,,,,,,,,,,,,,,,,,,,,4955595097415,861,12020.0,2018-01-06,0.0,0.0,9.0,9.0
,,1.0,,,,,,,,,,,,,,,,,,4955595097415,861,12020.0,2018-01-07,0.0,0.0,9.0,9.0
,10.0,,,,,,,,,,,,,,,,,,,4955595097415,861,12020.0,2018-01-08,0.0,0.0,4.0,4.0
2.0,,,1.0,1.0,,,,,,1.0,,,,,,,,,,4955595097415,861,12020.0,2018-01-09,29.0,0.0,29.0,0.0
1.0,,,,,,,,,,,,,,,,,,,,4955595097415,861,12020.0,2018-01-10,3.0,0.0,30.0,27.0
,55.0,,,,,,,,,,1.0,1.0,,,,,,,,4955595097415,861,12020.0,2018-01-11,24.0,0.0,27.0,3.0
,,,,,,,,,,,1.0,,,,,,,,,4955595097415,861,12020.0,2018-01-12,5.0,0.0,31.0,26.0
,,,,,,,,,,,,,,,,,,,,4955595097415,861,12020.0,2018-01-13,0.0,0.0,31.0,31.0
,10.0,,,,,,,,,,,,,,,1.0,,,,4955595097415,861,12020.0,2018-01-14,0.0,0.0,20.0,20.0
2.0,,,,,1.0,,,,,,,,,,,,,,,4955595097415,861,12020.0,2018-01-15,54.0,0.0,71.0,17.0
1.0,2.0,,,,0.0,,,,,,,,,,,,,,,4955595097415,861,12020.0,2018-01-16,54.0,0.0,68.0,14.0
,,,,,,,,,,,,,,,,,,,,4955595097415,861,12020.0,2018-01-17,42.0,0.0,88.0,46.0
,11.0,5.0,,,,,,,,,1.0,1.0,,,,,,,,4955595097415,861,12020.0,2018-01-18,31.0,0.0,81.0,50.0
,1.0,,,,,,,,,,,,,,,,,,,4955595097415,861,12020.0,2018-01-19,21.0,0.0,90.0,69.0
,,,,,,,,,,,,,,,,,,,,4955595097415,861,12020.0,2018-01-20,10.0,0.0,90.0,80.0
,,,,,,,,,,,,,,,,,,,,4955595097415,861,12020.0,2018-01-21,0.0,0.0,90.0,90.0
,,1.0,,,,,,,,,,,,,,,,,,4955595097415,861,12020.0,2018-01-22,0.0,0.0,89.0,89.0
,10.0,,,,,,,,,,,,,,,,,,,4955595097415,861,12020.0,2018-01-23,7.0,0.0,86.0,79.0
,,,,,,,,,,,,,,,,,,,,4955595097415,861,12020.0,2018-01-24,10.0,0.0,89.0,79.0
,,,,,,,,,,,,,,,,,,,,4955595097415,861,12020.0,2018-01-25,3.0,0.0,89.0,86.0
,,1.0,,,,,,,,,,,,,,,,,,4955595097415,861,12020.0,2018-01-26,0.0,0.0,88.0,88.0
,1.0,,,,,,,,,,,,,,,,,,,4955595097415,861,12020.0,2018-01-27,0.0,0.0,87.0,87.0
,,,,,,,,,,,,,,,,,,,,4955595097415,861,12020.0,2018-01-28,0.0,0.0,87.0,87.0
,,1.0,,,,,,,,,,,,,10.0,,,,,4955595097415,861,12020.0,2018-01-29,0.0,0.0,76.0,76.0
,40.0,1.0,1.0,,,,,,,,,,,,,,,,,4955595097415,861,12020.0,2018-01-30,0.0,0.0,34.0,34.0
,,1.0,,,,,,,,,,1.0,,,,,,,,4955595097415,861,12020.0,2018-01-31,20.0,0.0,52.0,32.0
,10.0,,,,,,,,,,,,,,,,,,,4955595097415,861,12020.0,2018-02-01,6.0,0.0,51.0,45.0
,,,,,,,,,,,,,,,,3.0,,,,4955595097415,861,12020.0,2018-02-02,57.0,0.0,100.0,43.0
,,,,,,,,,,,,,,,,,,,,4955595097415,861,12020.0,2018-02-03,0.0,0.0,100.0,100.0
,,,,,,,,,,,,,,,,,,,,4955595097415,861,12020.0,2018-02-04,0.0,0.0,100.0,100.0
3.0,,,,,,,,,,,1.0,1.0,,,,,,,,4955595097415,861,12020.0,2018-02-05,0.0,0.0,95.0,95.0
,,,,,,,,,,,,,,,,,,,,4955595097415,861,12020.0,2018-02-06,0.0,0.0,95.0,95.0
,,,,,,,,,,,,,,,,,,,,4955595097415,861,12020.0,2018-02-07,0.0,0.0,95.0,95.0
,90.0,,,,,,,,,,,,,,,,,,,4955595097415,861,12020.0,2018-02-08,0.0,0.0,5.0,5.0
,10.0,,1.0,,,,,,,,1.0,,,,,,,,,4955595097415,861,12020.0,2018-02-09,50.0,0.0,53.0,3.0
,,,,,,,,,,,,,,,,,,,,4955595097415,861,12020.0,2018-02-10,50.0,0.0,53.0,3.0
,,,,,,,,,,,2.0,,,,,,,,,4955595097415,861,12020.0,2018-02-11,0.0,0.0,41.0,41.0
,,-1.0,,,,,,,,,,,,,,,,,,4955595097415,861,12020.0,2018-02-12,0.0,0.0,41.0,41.0
,,1.0,,,,,,,,,,,,,,,,,,4955595097415,861,12020.0,2018-02-13,186.0,0.0,225.0,39.0
,10.0,,,,,,,,,,,,,,,,,,,4955595097415,861,12020.0,2018-02-14,186.0,0.0,215.0,29.0
,5.0,1.0,,,,,,,,,,,,,,,,,,4955595097415,861,12020.0,2018-02-15,158.0,0.0,209.0,51.0
,,,,,,,,,,,1.0,,,,,,,,,4955595097415,861,12020.0,2018-02-16,158.0,0.0,208.0,50.0
,,,,,,,,,,,,,,,,,,,,4955595097415,861,12020.0,2018-02-17,118.0,0.0,208.0,90.0
,,,,,,,,,,,,,,,,,,,,4955595097415,861,12020.0,2018-02-18,118.0,1.0,209.0,90.0
5.0,20.0,,,,,,,,,,,,,,,,,,1.0,4955595097415,861,12020.0,2018-02-19,118.0,1.0,185.0,66.0
,,,,,,,,,,,,,,,,,,,,4955595097415,861,12020.0,2018-02-20,118.0,1.0,186.0,67.0
,1.0,,,,,,,,,,,,,,,1.0,,,,4955595097415,861,12020.0,2018-02-21,0.0,1.0,183.0,182.0
,,,,,,,,,,,1.0,,,,,,,,,4955595097415,861,12020.0,2018-02-22,0.0,1.0,192.0,191.0
,,1.0,,,,,,,,,1.0,,,,,,,,,4955595097415,861,12020.0,2018-02-23,0.0,0.0,187.0,187.0
,,,,,,,,,,,,,,,,,,,,4955595097415,861,12020.0,2018-02-24,0.0,0.0,188.0,188.0
,,,,,,,,,,,,,,,,,,,,4955595097415,861,12020.0,2018-02-25,0.0,0.0,188.0,188.0
,2.0,1.0,,,,,,,,,,,,,,,,,,4955595097415,861,12020.0,2018-02-26,0.0,0.0,185.0,185.0
,1.0,,,,,,,,,,,,,,,,,,,4955595097415,861,12020.0,2018-02-27,0.0,0.0,185.0,185.0
,,1.0,,,,,,,,,,,,,,,,,,4955595097415,861,12020.0,2018-02-28,0.0,0.0,185.0,185.0
1.0,45.0,,,,,,,,,1.0,,,,,,,,,,4955595097415,861,12020.0,2018-03-01,0.0,0.0,138.0,138.0
,1.0,,,,,,,,,,,,,,,,,,,4955595097415,861,12020.0,2018-03-02,0.0,0.0,137.0,137.0
,,,,,,,,,,,,,,,,,,,,4955595097415,861,12020.0,2018-03-03,0.0,0.0,137.0,137.0
,,,,,,,,,,,,,,,,,,,,4955595097415,861,12020.0,2018-03-04,0.0,0.0,137.0,137.0
1.0,,1.0,,,,,,,,,,,,,,,,,,4955595097415,861,12020.0,2018-03-05,0.0,0.0,135.0,135.0
1.0,,,,,1.0,,,,,,,,,,,,,,,4955595097415,861,12020.0,2018-03-06,0.0,0.0,133.0,133.0
1.0,,,1.0,,,,,,,,,,,,,,,,,4955595097415,861,12020.0,2018-03-07,0.0,0.0,131.0,131.0
1.0,10.0,,,,,,,,,,,,,,,,,,,4955595097415,861,12020.0,2018-03-08,0.0,0.0,120.0,120.0
,30.0,,,,,,,,,,,,,,,,,,,4955595097415,861,12020.0,2018-03-09,0.0,0.0,90.0,90.0
,,,,,,,,,,,,,,,,,,,,4955595097415,861,12020.0,2018-03-10,0.0,0.0,90.0,90.0
,,,,,,,,,,,,,,,,,,,,4955595097415,861,12020.0,2018-03-11,0.0,0.0,88.0,88.0
,11.0,,,,,,,,,,,,,,,,,,,4955595097415,861,12020.0,2018-03-12,3.0,0.0,80.0,77.0
1.0,,,,,,,,,,,,,,,,,,,,4955595097415,861,12020.0,2018-03-13,3.0,0.0,79.0,76.0
,,,,,,,,,,,1.0,,,,,,,,,4955595097415,861,12020.0,2018-03-14,0.0,0.0,79.0,79.0
,25.0,,,,,,,,,1.0,2.0,1.0,,,,,,,,4955595097415,861,12020.0,2018-03-15,11.0,0.0,61.0,50.0
,,,,,,,,,,,1.0,,,,,,,,,4955595097415,861,12020.0,2018-03-16,0.0,0.0,60.0,60.0
,,,,,,,,,,,,,,,,,,,,4955595097415,861,12020.0,2018-03-17,0.0,0.0,60.0,60.0
,,,,,,,,,,,,,,,,,,,,4955595097415,861,12020.0,2018-03-18,12.0,0.0,72.0,60.0
,,,,,,,,,,,,,,,,,,,,4955595097415,861,12020.0,2018-03-19,17.0,0.0,77.0,60.0
,,1.0,,,,,,,,,,,,,,,,,,4955595097415,861,12020.0,2018-03-20,9.0,0.0,80.0,71.0
,,,,,,,,,,,,,,,,,,,,4955595097415,861,12020.0,2018-03-21,10.0,0.0,86.0,76.0
,,,,,,,,,,,,,,,,,,,,4955595097415,861,12020.0,2018-03-22,10.0,0.0,86.0,76.0
,-1.0,1.0,,,1.0,,,,,,,,,,,,,,,4955595097415,861,12020.0,2018-03-23,0.0,1.0,85.0,84.0
,,,,,,,,,,,,,,,,,,,,4955595097415,861,12020.0,2018-03-24,0.0,0.0,85.0,85.0
,1.0,,,,,,,,,,,,,,,,,,,4955595097415,861,12020.0,2018-03-25,0.0,0.0,84.0,84.0
,2.0,,,,,,,,,,,,,,,,,,,4955595097415,861,12020.0,2018-03-26,0.0,0.0,82.0,82.0
,10.0,,1.0,,,,,,,,,,,,,,,,,4955595097415,861,12020.0,2018-03-27,0.0,0.0,71.0,71.0
1.0,,,,,,,,,,,,,,,,,,,,4955595097415,861,12020.0,2018-03-28,0.0,0.0,70.0,70.0
,,,1.0,,,,,,,,,,,,,,,,,4955595097415,861,12020.0,2018-03-29,0.0,0.0,71.0,71.0
,5.0,,,,,,,,,,,,,,5.0,,,,,4955595097415,861,12020.0,2018-03-30,0.0,0.0,61.0,61.0
,,,,,,,,,,,,,,,,,,,,4955595097415,861,12020.0,2018-03-31,0.0,0.0,61.0,61.0
,,,,,,,,,,,,,,,,,,,,4955595097415,861,12020.0,2018-04-01,0.0,0.0,61.0,61.0
,25.0,,,,,,,,,,,,,,,,,,,4955595097415,861,12020.0,2018-04-02,0.0,0.0,36.0,36.0
,,,,,,,,,,,,,,,,,,,,4955595097415,861,12020.0,2018-04-03,60.0,0.0,96.0,36.0
,,,,,1.0,,,,,,,,,,,,,,,4955595097415,861,12020.0,2018-04-04,60.0,0.0,95.0,35.0
,,,,,1.0,,,,,,,,,,,,,,,4955595097415,861,12020.0,2018-04-05,52.0,0.0,123.0,71.0
,,,,,,,,,,,,,,,,,,,,4955595097415,861,12020.0,2018-04-06,52.0,0.0,123.0,71.0
,,,,,,,,,,,,,,,,,,,,4955595097415,861,12020.0,2018-04-07,52.0,0.0,123.0,71.0
,,,,,,,,,,,,,,,,,,,,4955595097415,861,12020.0,2018-04-08,0.0,0.0,123.0,123.0
,51.0,,,,,,,,,,,,,,,,,,,4955595097415,861,12020.0,2018-04-09,0.0,0.0,72.0,72.0
,,,,,,,,,,,,,,,,,,,,4955595097415,861,12020.0,2018-04-10,0.0,0.0,72.0,72.0
,,,,,,,,,,,,,,,,,,,,4955595097415,861,12020.0,2018-04-11,0.0,0.0,72.0,72.0
,,,,,,,,,,,,,,,,,,,,4955595097415,861,12020.0,2018-04-12,0.0,0.0,72.0,72.0
,,,,,,,,,,,,,,,,,,,,4955595097415,861,12020.0,2018-04-13,0.0,0.0,72.0,72.0
,5.0,,,,,,,,,,,,,,,,,,,4955595097415,861,12020.0,2018-04-14,0.0,0.0,67.0,67.0
,,,,,,,,,,,,,,,,,,,,4955595097415,861,12020.0,2018-04-15,0.0,0.0,65.0,65.0
,45.0,,,,,,,,,,,,,,,,2.0,,,4955595097415,861,12020.0,2018-04-16,0.0,0.0,20.0,20.0
,,,,,,,,,,,,,,,,,,,,4955595097415,861,12020.0,2018-04-17,22.0,0.0,42.0,20.0
,,,,,,,,,,,,,,,,,,,,4955595097415,861,12020.0,2018-04-18,32.0,0.0,74.0,42.0
,,,,,,,,,,,,3.0,,,,,,,,4955595097415,861,12020.0,2018-04-19,35.0,0.0,78.0,43.0
,,,,,,,,,,,,,,,,,,,,4955595097415,861,12020.0,2018-04-20,4.0,0.0,77.0,73.0
,,,,,,,,,,,,,,,,,,,,4955595097415,861,12020.0,2018-04-21,0.0,0.0,78.0,78.0
,,,,,,,,,,,,,,,5.0,,,,,4955595097415,861,12020.0,2018-04-22,0.0,0.0,73.0,73.0
,,2.0,,,,,,,,,,,,,,,,,,4955595097415,861,12020.0,2018-04-23,0.0,0.0,71.0,71.0
,,,,,1.0,,,,,,,,,,,,,,,4955595097415,861,12020.0,2018-04-24,39.0,0.0,110.0,71.0
,,,,,,,,,,,,,,,,,,,,4955595097415,861,12020.0,2018-04-25,39.0,0.0,110.0,71.0
,,,1.0,,,,,,,,,,,,,,,,,4955595097415,861,12020.0,2018-04-26,0.0,0.0,109.0,109.0
,,,,,,,,,,,,,,,,,,,,4955595097415,861,12020.0,2018-04-27,0.0,0.0,109.0,109.0
,,1.0,,,,,,,,,,,,,,,,,,4955595097415,861,12020.0,2018-04-28,0.0,0.0,109.0,109.0
,,,,,,,,,,,,,,,,,,,,4955595097415,861,12020.0,2018-04-29,0.0,0.0,116.0,116.0
,,,,,,,,,,,,,,,,,,,,4955595097415,861,12020.0,2018-04-30,0.0,0.0,116.0,116.0
,1.0,1.0,,,,,,,,,,,,,,,,,,4955595097415,861,12020.0,2018-05-01,0.0,0.0,114.0,114.0
,45.0,,,1.0,,,,,,,,,,,,,1.0,,,4955595097415,861,12020.0,2018-05-02,0.0,0.0,67.0,67.0
,,,,,,,,,,,,,,,,,,,,4955595097415,861,12020.0,2018-05-03,0.0,0.0,67.0,67.0
,,,,,,,,,,,,,,,,,,,,4955595097415,861,12020.0,2018-05-04,0.0,0.0,67.0,67.0
,,,,,,,,,,,,,,,,,,,,4955595097415,861,12020.0,2018-05-05,0.0,0.0,68.0,68.0
,,,,,,,,,,,,,,,,,1.0,,,4955595097415,861,12020.0,2018-05-06,15.0,0.0,82.0,67.0
,,,,,2.0,,,,,,,,,,,,,,,4955595097415,861,12020.0,2018-05-07,15.0,0.0,80.0,65.0
,,,,,,,,,,,,,,,,,,,,4955595097415,861,12020.0,2018-05-08,15.0,0.0,80.0,65.0
,,,,,1.0,,,,,,,,,,,,,,,4955595097415,861,12020.0,2018-05-09,0.0,0.0,79.0,79.0
,,,,,,,,,,,,,,,,,,,,4955595097415,861,12020.0,2018-05-10,0.0,0.0,79.0,79.0
,,,,,,,,,,,,1.0,1.0,,,,,,,4955595097415,861,12020.0,2018-05-11,0.0,0.0,77.0,77.0
,,,,,,,,,,,,,,,,,,,,4955595097415,861,12020.0,2018-05-12,0.0,0.0,77.0,77.0
,,,,,,,,,,,,,,,,,,,,4955595097415,861,12020.0,2018-05-13,0.0,0.0,77.0,77.0
,75.0,,,,,,,,,1.0,,,,,,,,,,4955595097415,861,12020.0,2018-05-14,0.0,0.0,2.0,2.0
,1.0,0.0,,,,,,,,,,,,,,,,,,4955595097415,861,12020.0,2018-05-15,71.0,0.0,73.0,2.0
,,,,,,,,,,,,,,,,,,,,4955595097415,861,12020.0,2018-05-16,71.0,0.0,73.0,2.0
,,,2.0,,,,,,,,,,,,,,,,,4955595097415,861,12020.0,2018-05-17,13.0,0.0,72.0,59.0
,,,,,,,,,,,,,,,,,,,,4955595097415,861,12020.0,2018-05-18,13.0,0.0,72.0,59.0
,,,,,,,,,,,,1.0,,,,,,,,4955595097415,861,12020.0,2018-05-19,13.0,0.0,47.0,34.0
,,,,,,,,,,,,,,,,,,,,4955595097415,861,12020.0,2018-05-20,0.0,0.0,49.0,49.0
,,,,,,,,,,,,,,,,,,,,4955595097415,861,12020.0,2018-05-21,0.0,0.0,49.0,49.0
,,4.0,,,,,,,,,,,,,,,,,,4955595097415,861,12020.0,2018-05-22,0.0,0.0,45.0,45.0
,,,,,,,,,,,,,,,,,,,,4955595097415,861,12020.0,2018-05-23,0.0,0.0,45.0,45.0
,1.0,,,,,,,,,,,,,,,,,,,4955595097415,861,12020.0,2018-05-24,0.0,0.0,44.0,44.0
,,,,,,,,,,,,,,,,,,,,4955595097415,861,12020.0,2018-05-25,0.0,0.0,44.0,44.0
,,,,,,,,,,,,,,,,,,,,4955595097415,861,12020.0,2018-05-26,0.0,0.0,44.0,44.0
,,,,,,,,,,,,,,,,,,,,4955595097415,861,12020.0,2018-05-27,0.0,0.0,44.0,44.0
,,,,,,,,,,,,,,,,,,,,4955595097415,861,12020.0,2018-05-28,0.0,0.0,44.0,44.0
,,,,,,,,,,,3.0,1.0,,,,,,,,4955595097415,861,12020.0,2018-05-29,0.0,0.0,40.0,40.0
,,,,,,,,,,,,1.0,,,,,,,,4955595097415,861,12020.0,2018-05-30,0.0,0.0,39.0,39.0
,,,,,,,,,,,,1.0,,,,,,,,4955595097415,861,12020.0,2018-05-31,0.0,0.0,38.0,38.0
,5.0,,,,,,,,,,,1.0,,,,,,,,4955595097415,861,12020.0,2018-06-01,0.0,0.0,32.0,32.0
,10.0,,,,,,,,,,,,,,,,,,,4955595097415,861,12020.0,2018-06-02,0.0,0.0,22.0,22.0
,,,1.0,,,,,,,,,1.0,,,,,,,,4955595097415,861,12020.0,2018-06-03,5.0,0.0,25.0,20.0
,15.0,,,,,,,,,,,,,,,,,,,4955595097415,861,12020.0,2018-06-04,12.0,0.0,17.0,5.0
,,,1.0,,,,,,,,,,,,,,,,,4955595097415,861,12020.0,2018-06-05,27.0,0.0,34.0,7.0
,15.0,,,,,,,,,,,,,,,,,,,4955595097415,861,12020.0,2018-06-06,0.0,0.0,19.0,19.0
,,,,,,,,,,,,,,,,,,,,4955595097415,861,12020.0,2018-06-07,15.0,0.0,34.0,19.0
,,,,,,,,,,,,,,,,,1.0,,,4955595097415,861,12020.0,2018-06-08,0.0,0.0,33.0,33.0
,5.0,,,,,,,,,,,,,,,,,,,4955595097415,861,12020.0,2018-06-09,0.0,0.0,28.0,28.0
,20.0,,,,,,,,,,,,,,10.0,,,,,4955595097415,861,12020.0,2018-06-10,0.0,0.0,3.0,3.0
,,,,,,,,,,,1.0,,,,,,,,,4955595097415,861,12020.0,2018-06-11,43.0,0.0,46.0,3.0
,,,,,,,,,,,,,,,,,,,,4955595097415,861,12020.0,2018-06-12,43.0,0.0,46.0,3.0
,,,1.0,,,,,,,,,,,,,,,,,4955595097415,861,12020.0,2018-06-13,9.0,0.0,45.0,36.0
,35.0,,,,,,,,,,,,,,,,,,,4955595097415,861,12020.0,2018-06-14,9.0,0.0,10.0,1.0
,,,,,,,,,,,,,,,,,,,,4955595097415,861,12020.0,2018-06-15,22.0,0.0,33.0,11.0
,,,,,,,,,,,,,,,10.0,,,,,4955595097415,861,12020.0,2018-06-16,0.0,0.0,23.0,23.0
,,,,,,,,,,,,,,,,,,,,4955595097415,861,12020.0,2018-06-17,0.0,0.0,23.0,23.0
,,,,,,,,,,,,,,,,,,,,4955595097415,861,12020.0,2018-06-18,16.0,0.0,39.0,23.0
,,,,,,,,,,,,,,,,,,,,4955595097415,861,12020.0,2018-06-19,16.0,0.0,39.0,23.0
,,,,,,,,,,,,2.0,,,,,,,,4955595097415,861,12020.0,2018-06-20,0.0,0.0,40.0,40.0
,15.0,,,,,,,,,,,,,,,,,,,4955595097415,861,12020.0,2018-06-21,0.0,0.0,25.0,25.0
,,1.0,,,,,,,,,,0.0,,,,,,,,4955595097415,861,12020.0,2018-06-22,38.0,0.0,62.0,24.0
,,1.0,,,,,,,,1.0,,,,,,,,,,4955595097415,861,12020.0,2018-06-23,18.0,0.0,59.0,41.0
,,,,,,,,,,,,,,,,,,,,4955595097415,861,12020.0,2018-06-24,8.0,0.0,59.0,51.0
,5.0,,,,,,,,,,,,,,5.0,,,,,4955595097415,861,12020.0,2018-06-25,8.0,0.0,49.0,41.0
,,,,,,,,,,,,,,,,,,,,4955595097415,861,12020.0,2018-06-26,8.0,0.0,49.0,41.0
,,2.0,,,,,,,,,,,,,,,,,,4955595097415,861,12020.0,2018-06-27,8.0,1.0,48.0,39.0
,,1.0,,,,,,,,,,,,,,,,,,4955595097415,861,12020.0,2018-06-28,0.0,0.0,47.0,47.0
,,,,,,,,,,,,,,,,,,,,4955595097415,861,12020.0,2018-06-29,0.0,0.0,47.0,47.0
,1.0,1.0,,,,,,,,,,,,,,,,,1.0,4955595097415,861,12020.0,2018-06-30,0.0,0.0,44.0,44.0
,,,,,,,,,,,,,,,,,,,,4955595097415,861,12020.0,2018-07-01,0.0,0.0,44.0,44.0
,,1.0,,,,,,,,,,2.0,,,,,1.0,,,4955595097415,861,12020.0,2018-07-02,0.0,0.0,40.0,40.0
,40.0,,,,,,,,,,,,,,,,-1.0,,,4955595097415,861,12020.0,2018-07-03,0.0,0.0,1.0,1.0
,,,,,1.0,,,,,,,,,,,1.0,,,,4955595097415,861,12020.0,2018-07-04,45.0,0.0,45.0,0.0
,1.0,,,,,,,,,,,,,,,,,,,4955595097415,861,12020.0,2018-07-05,25.0,0.0,46.0,21.0
,,,,,,,,,,,,,,,,,,,,4955595097415,861,12020.0,2018-07-06,25.0,0.0,46.0,21.0
,,,,,1.0,,,,,,,,,,,,,,,4955595097415,861,12020.0,2018-07-07,25.0,0.0,45.0,20.0
,,1.0,,,,,,,,,,,,,,,,,,4955595097415,861,12020.0,2018-07-08,25.0,0.0,44.0,19.0
,20.0,,1.0,,,,,,,,,,,,,,,,,4955595097415,861,12020.0,2018-07-09,79.0,0.0,82.0,3.0
,,,,,,,,,,,,,,,,,,,,4955595097415,861,12020.0,2018-07-10,90.0,0.0,93.0,3.0
,20.0,,,,1.0,,,,,,,,,,,,,,,4955595097415,861,12020.0,2018-07-11,16.0,0.0,73.0,57.0
,,,1.0,,,,,,,,1.0,,,,5.0,,,,,4955595097415,861,12020.0,2018-07-12,16.0,0.0,66.0,50.0
,15.0,,,,2.0,,,,,,,1.0,,,10.0,,,,,4955595097415,861,12020.0,2018-07-13,16.0,0.0,38.0,22.0
,,,,,,,,,,,,,,,,,,,,4955595097415,861,12020.0,2018-07-14,16.0,0.0,38.0,22.0
,,,,,,,,,,,1.0,,,,,,,,,4955595097415,861,12020.0,2018-07-15,0.0,0.0,42.0,42.0
,,,,,,,,,,,,,,,,,,,,4955595097415,861,12020.0,2018-07-16,0.0,0.0,42.0,42.0
,35.0,,,,1.0,,,,,,,2.0,,,,,1.0,,,4955595097415,861,12020.0,2018-07-17,27.0,0.0,30.0,3.0
,,,1.0,,1.0,,,,,,,,,,,,,,,4955595097415,861,12020.0,2018-07-18,30.0,0.0,38.0,8.0
,15.0,,,,,,,,,,,,,,,,,,,4955595097415,861,12020.0,2018-07-19,8.0,0.0,40.0,32.0
,31.0,1.0,,,,,,,,,,1.0,,,,,3.0,,,4955595097415,861,12020.0,2018-07-20,8.0,0.0,19.0,11.0
,,,,,,,,,,,,,,,,,,,,4955595097415,861,12020.0,2018-07-21,0.0,0.0,19.0,19.0
,,,,,,,,,,,,,,,,,,,,4955595097415,861,12020.0,2018-07-22,0.0,0.0,19.0,19.0
,,,,,,,,,,,,,,,,2.0,,,,4955595097415,861,12020.0,2018-07-23,26.0,0.0,43.0,17.0
,,,,,,,,,,,,,,,,,,,,4955595097415,861,12020.0,2018-07-24,43.0,0.0,60.0,17.0
,25.0,,,,,,,,,,,,,,,,,,,4955595097415,861,12020.0,2018-07-25,17.0,1.0,52.0,34.0
,,,1.0,,,,,,,,,,,,,,,,,4955595097415,861,12020.0,2018-07-26,59.0,1.0,110.0,50.0
,,,,,,,,,,,,2.0,,,,,,,,4955595097415,861,12020.0,2018-07-27,50.0,1.0,108.0,57.0
,,,,,,,,,,,,,,,,1.0,,,,4955595097415,861,12020.0,2018-07-28,44.0,1.0,107.0,62.0
,,,,,-1.0,,,,,,,,,,,,,,,4955595097415,861,12020.0,2018-07-29,44.0,1.0,107.0,62.0
,,,,,,,,,,,,,,,,,,,,4955595097415,861,12020.0,2018-07-30,44.0,1.0,107.0,62.0
,5.0,,,,,,,,,,,1.0,,,,,,,,4955595097415,861,12020.0,2018-07-31,14.0,0.0,101.0,87.0
,,,,,,,,,,,,,,,,,,,,4547597993170,861,0.0,2017-08-01,,,,
,,,,,,,,,,,,,,,,,,,,4547597993170,861,0.0,2017-08-02,,,,
,,,,,,,,,,,,,,,,,,,,4547597993170,861,0.0,2017-08-03,,,,
,,,,,,,,,,,,,,,,,,,,4547597993170,861,0.0,2017-08-04,,,,
,,,,,,,,,,,,,,,,,,,,4547597993170,861,0.0,2017-08-05,,,,
,,,,,,,,,,,,,,,,,,,,4547597993170,861,0.0,2017-08-06,,,,
,,,,,,,,,,,,,,,,,,,,4547597993170,861,0.0,2017-08-07,,,,
,,,,,,,,,,,,,,,,,,,,4547597993170,861,0.0,2017-08-08,,,,
,,,,,,,,,,,,,,,,,,,,4547597993170,861,0.0,2017-08-09,,,,
,,,,,,,,,,,,,,,,,,,,4547597993170,861,0.0,2017-08-10,,,,
,,,,,,,,,,,,,,,,,,,,4547597993170,861,0.0,2017-08-11,,,,
,,,,,,,,,,,,,,,,,,,,4547597993170,861,0.0,2017-08-12,,,,
,,,,,,,,,,,,,,,,,,,,4547597993170,861,0.0,2017-08-13,,,,
,,,,,,,,,,,,,,,,,,,,4547597993170,861,0.0,2017-08-14,,,,
,,,,,,,,,,,,,,,,,,,,4547597993170,861,0.0,2017-08-15,,,,
,,,,,,,,,,,,,,,,,,,,4547597993170,861,0.0,2017-08-16,,,,
,,,,,,,,,,,,,,,,,,,,4547597993170,861,0.0,2017-08-17,,,,
,,,,,,,,,,,,,,,,,,,,4547597993170,861,0.0,2017-08-18,,,,
,,,,,,,,,,,,,,,,,,,,4547597993170,861,0.0,2017-08-19,,,,
,,,,,,,,,,,,,,,,,,,,4547597993170,861,0.0,2017-08-20,,,,
,,,,,,,,,,,,,,,,,,,,4547597993170,861,0.0,2017-08-21,,,,
,,,,,,,,,,,,,,,,,,,,4547597993170,861,0.0,2017-08-22,,,,
,,,,,,,,,,,,,,,,,,,,4547597993170,861,0.0,2017-08-23,,,,
,,,,,,,,,,,,,,,,,,,,4547597993170,861,0.0,2017-08-24,,,,
,,,,,,,,,,,,,,,,,,,,4547597993170,861,0.0,2017-08-25,,,,
,,,,,,,,,,,,,,,,,,,,4547597993170,861,0.0,2017-08-26,,,,
,,,,,,,,,,,,,,,,,,,,4547597993170,861,0.0,2017-08-27,,,,
,,,,,,,,,,,,,,,,,,,,4547597993170,861,0.0,2017-08-28,,,,
,,,,,,,,,,,,,,,,,,,,4547597993170,861,0.0,2017-08-29,,,,
,,,,,,,,,,,,,,,,,,,,4547597993170,861,0.0,2017-08-30,,,,
,,,,,,,,,,,,,,,,,,,,4547597993170,861,0.0,2017-08-31,,,,
,,,,,,,,,,,,,,,,,,,,4547597993170,861,0.0,2017-09-01,,,,
,,,,,,,,,,,,,,,,,,,,4547597993170,861,0.0,2017-09-02,,,,
,,,,,,,,,,,,,,,,,,,,4547597993170,861,0.0,2017-09-03,,,,
,,,,,,,,,,,,,,,,,,,,4547597993170,861,0.0,2017-09-04,,,,
,,,,,,,,,,,,,,,,,,,,4547597993170,861,0.0,2017-09-05,,,,
,,,,,,,,,,,,,,,,,,,,4547597993170,861,0.0,2017-09-06,,,,
,,,,,,,,,,,,,,,,,,,,4547597993170,861,0.0,2017-09-07,,,,
,,,,,,,,,,,,,,,,,,,,4547597993170,861,0.0,2017-09-08,,,,
,,,,,,,,,,,,,,,,,,,,4547597993170,861,0.0,2017-09-09,,,,
,,,,,,,,,,,,,,,,,,,,4547597993170,861,0.0,2017-09-10,,,,
,,,,,,,,,,,,,,,,,,,,4547597993170,861,0.0,2017-09-11,,,,
,,,,,,,,,,,,,,,,,,,,4547597993170,861,0.0,2017-09-12,,,,
,,,,,,,,,,,,,,,,,,,,4547597993170,861,0.0,2017-09-13,,,,
,,,,,,,,,,,,,,,,,,,,4547597993170,861,0.0,2017-09-14,,,,
,3.0,,,,,,1.0,,,,,,,,4.0,,,,,4547597993170,861,,2017-09-15,,,,
,,,,,,,,,,,,,,,,,,,,4547597993170,861,0.0,2017-09-15,,,,
,2.0,,,,,,1.0,,1.0,,,,,,3.0,,,,,4547597993170,861,,2017-09-16,,,,
,,,,,,,,,,,,,,,,,,,,4547597993170,861,0.0,2017-09-16,,,,
,,,,,,,,,,,,,,,,,,,,4547597993170,861,0.0,2017-09-17,,,,
,2.0,,,,,,1.0,,1.0,,,,,,1.0,,,,,4547597993170,861,,2017-09-17,,,,
,2.0,,,,,,,,,,,,,,2.0,,,,,4547597993170,861,,2017-09-18,,,,
,,,,,,,,,,,,,,,,,,,,4547597993170,861,0.0,2017-09-18,,,,
,,,,,,,,,,,,,,,,,,,,4547597993170,861,0.0,2017-09-19,,,,
,-1.0,,,,,,,,,,,,,,1.0,,,,,4547597993170,861,,2017-09-19,,,,
,,,,,,,,,,,,,,,,,,,,4547597993170,861,0.0,2017-09-20,,,,
,1.0,,,,,,,,,,,,,,,,,,,4547597993170,861,,2017-09-20,,,,
,1.0,,,,,,,,,,,,,,1.0,,,,,4547597993170,861,,2017-09-21,,,,
,,,,,,,,,,,,,,,,,,,,4547597993170,861,0.0,2017-09-21,,,,
,10.0,,,,,,9.0,,,,,,,,6.0,,,,,4547597993170,861,,2017-09-22,,,,
,,,,,,,,,,,,,,,,,,,,4547597993170,861,0.0,2017-09-22,,,,
,1.0,,,,,,,,,,,,,,1.0,,,,,4547597993170,861,,2017-09-23,,,,
,,,,,,,,,,,,,,,,,,,,4547597993170,861,0.0,2017-09-23,,,,
,2.0,,,,,,,,,,,,,,,,,,,4547597993170,861,,2017-09-24,,,,
,,,,,,,,,,,,,,,,,,,,4547597993170,861,0.0,2017-09-24,,,,
,1.0,,,,,,,,,,,,,,1.0,,,,,4547597993170,861,,2017-09-25,,,,
,,,,,,,,,,,,,,,,,,,,4547597993170,861,0.0,2017-09-25,,,,
,,,,,,,,,,,,,,,,,,,,4547597993170,861,0.0,2017-09-26,,,,
,3.0,,,,,,,,,,,,,,,,,,,4547597993170,861,,2017-09-26,,,,
,,,,,,,,,,,,,,,,,,,,4547597993170,861,0.0,2017-09-27,,,,
,,,,,,,,,,,,,,,,,,,,4547597993170,861,0.0,2017-09-28,,,,
,,,,,,,1.0,,,,,,,,3.0,,,,,4547597993170,861,,2017-09-28,,,,
,,,,,,,,,,,,,,,,,,,,4547597993170,861,0.0,2017-09-29,,,,
,,,,,,,,,,,,,,,,,,,,4547597993170,861,0.0,2017-09-30,,,,
,1.0,,,,,,,,,,,,,,,,,,,4547597993170,861,,2017-10-01,,,,
,,,,,,,,,,,,,,,,,,,,4547597993170,861,0.0,2017-10-01,,,,
,1.0,,,,,,,,,,,,,,,,,,,4547597993170,861,,2017-10-02,,,,
,,,,,,,,,,,,,,,,,,,,4547597993170,861,0.0,2017-10-02,,,,
,0.0,,,,,,,,,,,,,,1.0,,,,,4547597993170,861,,2017-10-03,,,,
,,,,,,,,,,,,,,,,,,,,4547597993170,861,0.0,2017-10-03,,,,
,,,,,,,,,,,,,,,,,,,,4547597993170,861,0.0,2017-10-04,,,,
,,,,,,,,,,,,,,,1.0,,,,,4547597993170,861,,2017-10-04,,,,
,,,,,,,,,,,,,,,,,,,,4547597993170,861,0.0,2017-10-05,,,,
,,,,,,,,,,,,,,,1.0,,,,,4547597993170,861,,2017-10-05,,,,
,,,,,,,,,,,,,,,,,,,,4547597993170,861,0.0,2017-10-06,,,,
,,,,,,,1.0,,,,,,,,1.0,,,,,4547597993170,861,,2017-10-06,,,,
,,,,,,,,,,,,,,,,,,,,4547597993170,861,0.0,2017-10-07,,,,
,2.0,,,,,,,,,,,,,,1.0,,,,,4547597993170,861,,2017-10-07,,,,
,,,,,,,,1.0,,,,,,,1.0,,,,,4547597993170,861,,2017-10-08,,,,
,,,,,,,,,,,,,,,,,,,,4547597993170,861,0.0,2017-10-08,,,,
,4.0,,,,,,,,,,,,,,2.0,,,,,4547597993170,861,,2017-10-09,,,,
,,,,,,,,,,,,,,,,,,,,4547597993170,861,0.0,2017-10-09,,,,
,,,,,,,,,,,,,,,1.0,,,,,4547597993170,861,,2017-10-10,,,,
,,,,,,,,,,,,,,,,,,,,4547597993170,861,0.0,2017-10-10,,,,
,,,,,,,,,,,,,,,,,,,,4547597993170,861,0.0,2017-10-11,,,,
,2.0,,,,,,,,,,,,,,1.0,,,,,4547597993170,861,,2017-10-11,,,,
,,,,,,,,,,,,,,,,,,,,4547597993170,861,0.0,2017-10-12,,,,
,1.0,,,,,,,,,,,,,,,,,,,4547597993170,861,,2017-10-13,,,,
,,,,,,,,,,,,,,,,,,,,4547597993170,861,0.0,2017-10-13,,,,
,,,,,,,,,,,,,,,1.0,,,,,4547597993170,861,,2017-10-14,,,,
,,,,,,,,,,,,,,,,,,,,4547597993170,861,0.0,2017-10-14,,,,
,,,,,,,,,,,,,,,1.0,,,,,4547597993170,861,,2017-10-15,,,,
,,,,,,,,,,,,,,,,,,,,4547597993170,861,0.0,2017-10-15,,,,
,,,,,,,,,,,,,,,,,,,,4547597993170,861,0.0,2017-10-16,,,,
,,,,,,,,,,,,,,,,,,,,4547597993170,861,0.0,2017-10-17,,,,
,-1.0,,,,,,,,,,,,,,,,,,,4547597993170,861,,2017-10-17,,,,
,2.0,,,,,,,,,,,,,,2.0,,,,,4547597993170,861,,2017-10-18,,,,
,,,,,,,,,,,,,,,,,,,,4547597993170,861,0.0,2017-10-18,,,,
,1.0,,,,,,,,,,,,,,,,,,,4547597993170,861,,2017-10-19,,,,
,,,,,,,,,,,,,,,,,,,,4547597993170,861,0.0,2017-10-19,,,,
,,,,,,,,,,,,,,,,,,,,4547597993170,861,0.0,2017-10-20,,,,
,,,,,,,,,,,,,,,1.0,,,,,4547597993170,861,,2017-10-20,,,,
,,,,,,,,,,,,,,,,,,,,4547597993170,861,0.0,2017-10-21,,,,
,,,,,,,,,,,,,,,0.0,,,,,4547597993170,861,,2017-10-21,,,,
,2.0,,,,,,,,,,,,,,1.0,,,,,4547597993170,861,,2017-10-22,,,,
,,,,,,,,,,,,,,,,,,,,4547597993170,861,0.0,2017-10-22,,,,
,1.0,,,,,,,,,,,,,,3.0,,,,,4547597993170,861,,2017-10-23,,,,
,,,,,,,,,,,,,,,,,,,,4547597993170,861,0.0,2017-10-23,,,,
,1.0,,,,,,,,,,,,,,,,,,,4547597993170,861,,2017-10-24,,,,
,,,,,,,,,,,,,,,,,,,,4547597993170,861,0.0,2017-10-24,,,,
,2.0,,,,,,,,,,,,,,-1.0,,,,,4547597993170,861,,2017-10-25,,,,
,,,,,,,,,,,,,,,,,,,,4547597993170,861,0.0,2017-10-25,,,,
,1.0,,,,,,,,,,,,,,3.0,,,,,4547597993170,861,,2017-10-26,,,,
,,,,,,,,,,,,,,,,,,,,4547597993170,861,0.0,2017-10-26,,,,
,2.0,,,,,,,,,,,,,,,,,,,4547597993170,861,,2017-10-27,,,,
,,,,,,,,,,,,,,,,,,,,4547597993170,861,0.0,2017-10-27,,,,
,,,,,,,,,,,,,,,,,,,,4547597993170,861,0.0,2017-10-28,,,,
,2.0,,,,,,,,,,,,,,2.0,,,,,4547597993170,861,,2017-10-28,,,,
,-1.0,,,,,,,,,,,,,,1.0,,,,,4547597993170,861,,2017-10-29,,,,
,,,,,,,,,,,,,,,,,,,,4547597993170,861,0.0,2017-10-29,,,,
,,,,,,,,,,,,,,,,,,,,4547597993170,861,0.0,2017-10-30,,,,
,4.0,,,,,,1.0,,,,,,,,1.0,,,,,4547597993170,861,,2017-10-30,,,,
,,,,,,,,,1.0,,,,,,,,,,,4547597993170,861,,2017-10-31,,,,
,,,,,,,,,,,,,,,,,,,,4547597993170,861,0.0,2017-10-31,,,,
,3.0,,,,,,1.0,,,,,,,,,,,,,4547597993170,861,21373.0,2017-11-01,6.0,1.0,12.0,5.0
,4.0,,,,,,,,,,,,,,2.0,,,,,4547597993170,861,21373.0,2017-11-02,12.0,1.0,13.0,0.0
,,,,,,,,,,,,,,,3.0,,,,,4547597993170,861,21373.0,2017-11-03,12.0,1.0,18.0,5.0
,2.0,,,,,,,,,,,,,,,,,,,4547597993170,861,21373.0,2017-11-04,12.0,1.0,17.0,4.0
,,,,,,,2.0,,,,,,,,2.0,,,,,4547597993170,861,21373.0,2017-11-05,12.0,1.0,13.0,0.0
,1.0,,,,,,,,,,,,,,2.0,,,,,4547597993170,861,21373.0,2017-11-06,18.0,1.0,19.0,0.0
,3.0,,,,,,,,,,,,,,1.0,,,,,4547597993170,861,21373.0,2017-11-07,6.0,1.0,17.0,10.0
,2.0,,,,,,1.0,,,,,,,,,,,,,4547597993170,861,21373.0,2017-11-08,0.0,1.0,15.0,14.0
,1.0,,,,,,,,,,,,,,1.0,,,,,4547597993170,861,21373.0,2017-11-09,6.0,1.0,19.0,12.0
,,,,,,,,,,,,,,,1.0,,,,,4547597993170,861,21373.0,2017-11-10,6.0,1.0,18.0,11.0
,,,,,,,,,,,,,,,2.0,,,,,4547597993170,861,21373.0,2017-11-11,6.0,1.0,16.0,9.0
,,,,,,,,,,,,,,,1.0,,,,,4547597993170,861,21373.0,2017-11-12,12.0,1.0,21.0,8.0
,1.0,,,,,,,,,,,,,,3.0,,,,,4547597993170,861,21373.0,2017-11-13,12.0,1.0,16.0,3.0
,1.0,,,,,,,,,,,,,,,,,,,4547597993170,861,21373.0,2017-11-14,18.0,1.0,22.0,3.0
,,,,,,,,,,,,,,,1.0,,,,,4547597993170,861,21373.0,2017-11-15,18.0,1.0,21.0,2.0
,1.0,,,,,,,1.0,,,,,,,,,,,,4547597993170,861,21373.0,2017-11-16,18.0,1.0,19.0,0.0
,1.0,,,,,,,,,,,,,,,,,,,4547597993170,861,21373.0,2017-11-17,0.0,1.0,19.0,18.0
,2.0,,,,,,,,,,,,,,,,,,,4547597993170,861,21373.0,2017-11-18,0.0,1.0,17.0,16.0
,1.0,,,,,,1.0,,,,,,,,,,,,,4547597993170,861,21373.0,2017-11-19,0.0,1.0,15.0,14.0
,2.0,,,,,,,,,,,,,,1.0,,,,,4547597993170,861,21373.0,2017-11-20,6.0,1.0,17.0,10.0
,2.0,,,,,,1.0,,,,,,,,1.0,,,,,4547597993170,861,21373.0,2017-11-21,12.0,1.0,19.0,6.0
,,,,,,,1.0,,,,,,,,2.0,,,,,4547597993170,861,21373.0,2017-11-22,6.0,1.0,17.0,10.0
,,,,,,,,,,,,,,,1.0,,,,,4547597993170,861,21373.0,2017-11-23,12.0,1.0,22.0,9.0
,1.0,,,,,,,,,,,,,,2.0,,,,,4547597993170,861,21373.0,2017-11-24,12.0,1.0,19.0,6.0
,2.0,,,,,,,,,,,,,,,,,,,4547597993170,861,21373.0,2017-11-25,12.0,1.0,17.0,4.0
,,,,,,,,,,,,,,,3.0,,,,,4547597993170,861,21373.0,2017-11-26,18.0,0.0,20.0,2.0
,1.0,,,,,,,,,,,,,,,,,,,4547597993170,861,21373.0,2017-11-27,18.0,0.0,19.0,1.0
,,,,,,,,,,,,,,,,,,,,4547597993170,861,21373.0,2017-11-28,24.0,0.0,25.0,1.0
,,,,,,,,,,,,,,,,,,,,4547597993170,861,21373.0,2017-11-29,24.0,0.0,25.0,1.0
,1.0,,,,,,,,,,,,,,,,,,,4547597993170,861,21373.0,2017-11-30,12.0,0.0,22.0,10.0
,4.0,,,,,,1.0,,,,,,,,,,,,,4547597993170,861,21373.0,2017-12-01,12.0,0.0,19.0,7.0
,,,,,,,,,,,,,,,1.0,,,,,4547597993170,861,21373.0,2017-12-02,12.0,0.0,18.0,6.0
,,,,,,,2.0,,,,,,,,1.0,,,,,4547597993170,861,21373.0,2017-12-03,12.0,0.0,16.0,4.0
,1.0,,,,,,,,,,,,,,2.0,,,,,4547597993170,861,21373.0,2017-12-04,18.0,0.0,18.0,0.0
,5.0,,,,,,,,,,,,,,,,,,,4547597993170,861,21373.0,2017-12-05,18.0,0.0,18.0,0.0
,1.0,,,,,,,,,,,,,,1.0,,,,,4547597993170,861,21373.0,2017-12-06,18.0,0.0,18.0,0.0
,4.0,,,,,,,,,,,,,,2.0,,,,,4547597993170,861,21373.0,2017-12-07,6.0,0.0,16.0,10.0
,,,,,,,,1.0,1.0,,,,,,3.0,,,,,4547597993170,861,21373.0,2017-12-08,12.0,0.0,16.0,4.0
,1.0,,,,,,1.0,1.0,,,,,,,2.0,,,,,4547597993170,861,21373.0,2017-12-09,12.0,0.0,12.0,0.0
,4.0,,,,,,,,,,,,,,4.0,,,,,4547597993170,861,21373.0,2017-12-10,24.0,0.0,24.0,0.0
,1.0,,,,,,1.0,,,,,,,,2.0,,,,,4547597993170,861,21373.0,2017-12-11,24.0,0.0,24.0,0.0
,2.0,,,,,,,,,,,,,,1.0,,,,,4547597993170,861,21373.0,2017-12-12,24.0,0.0,24.0,0.0
,3.0,,,,,,,,,,,,,,1.0,,,,,4547597993170,861,21373.0,2017-12-13,24.0,0.0,24.0,0.0
,1.0,,,,,,,,,,,,,,,,,,,4547597993170,861,21373.0,2017-12-14,0.0,0.0,23.0,23.0
,,,,,,,,,1.0,,,,,,,,,,,4547597993170,861,21373.0,2017-12-15,0.0,0.0,22.0,22.0
,4.0,,,,,,,,,,,,,,4.0,,,,,4547597993170,861,21373.0,2017-12-16,0.0,0.0,14.0,14.0
,3.0,,,,,,,,1.0,,,,,,2.0,,,,,4547597993170,861,21373.0,2017-12-17,12.0,0.0,20.0,8.0
,2.0,,,,,,,,,,,,,,1.0,,,,,4547597993170,861,21373.0,2017-12-18,18.0,0.0,22.0,4.0
,2.0,,,,,,,,,,,,,,2.0,,,,,4547597993170,861,21373.0,2017-12-19,24.0,0.0,25.0,1.0
,4.0,,,,,,1.0,,,,,,,,1.0,,,,,4547597993170,861,21373.0,2017-12-20,6.0,0.0,21.0,15.0
,1.0,,,,,,,,1.0,,,,,,,,,,,4547597993170,861,21373.0,2017-12-21,6.0,0.0,25.0,19.0
,2.0,,,,,,,1.0,1.0,,,,,,1.0,,,,,4547597993170,861,21373.0,2017-12-22,12.0,0.0,26.0,14.0
,,,,,,,,1.0,,,,,,,2.0,,,,,4547597993170,861,21373.0,2017-12-23,6.0,0.0,22.0,16.0
,1.0,,,,,,1.0,,1.0,,,,,,3.0,,,,,4547597993170,861,21373.0,2017-12-24,12.0,0.0,23.0,11.0
,2.0,,,,,,,2.0,,,,,,,2.0,,,,,4547597993170,861,21373.0,2017-12-25,18.0,0.0,22.0,4.0
,1.0,,,,,,1.0,,,,,,,,5.0,,,,,4547597993170,861,21373.0,2017-12-26,18.0,0.0,27.0,9.0
,,,,,,,,,,,,,,,,,,,,4547597993170,861,21373.0,2017-12-27,12.0,0.0,27.0,15.0
,1.0,,,,,,,,,,,,,,1.0,,,,,4547597993170,861,21373.0,2017-12-28,18.0,0.0,43.0,25.0
,,,,,,,,,,,,,,,,,,,,4547597993170,861,21373.0,2017-12-29,18.0,0.0,43.0,25.0
,2.0,,,,,,,,1.0,,,,,,1.0,,,,,4547597993170,861,21373.0,2017-12-30,18.0,0.0,38.0,20.0
,4.0,,,,,,,,,,,,,,,,,,,4547597993170,861,21373.0,2017-12-31,18.0,0.0,35.0,17.0
,1.0,,,,,,,,,,,,,,1.0,,,,,4547597993170,861,21373.0,2018-01-01,18.0,0.0,32.0,14.0
,3.0,,,,,,,,,,,,,,3.0,,,,,4547597993170,861,21373.0,2018-01-02,18.0,0.0,27.0,9.0
,2.0,,,,,,,2.0,,,,,,,1.0,,,,,4547597993170,861,21373.0,2018-01-03,18.0,0.0,21.0,3.0
,4.0,,,,,,,,,,,,,,2.0,,,,,4547597993170,861,21373.0,2018-01-04,18.0,0.0,18.0,0.0
,3.0,,,,,,,,,,,,,,1.0,,,,,4547597993170,861,21373.0,2018-01-05,12.0,0.0,29.0,17.0
,2.0,,,,,,,,1.0,,,,,,,,,,,4547597993170,861,21373.0,2018-01-06,12.0,0.0,26.0,14.0
,2.0,,,,,,1.0,,,,,,,,,,,,,4547597993170,861,21373.0,2018-01-07,12.0,0.0,23.0,11.0
,3.0,,,,,,,,2.0,,,,,,2.0,,,,,4547597993170,861,21373.0,2018-01-08,12.0,0.0,16.0,4.0
,,,,,,,,,1.0,,,,,,,,,,,4547597993170,861,21373.0,2018-01-09,12.0,0.0,14.0,2.0
,,,,,,,,,,,,,,,3.0,,,,,4547597993170,861,21373.0,2018-01-10,12.0,0.0,24.0,12.0
,1.0,,,,,,,,,,,,,,,,,,,4547597993170,861,21373.0,2018-01-11,18.0,0.0,29.0,11.0
,,,,,,,1.0,,1.0,,,,,,,,,,,4547597993170,861,21373.0,2018-01-12,6.0,0.0,27.0,21.0
,1.0,,,,,,,,,,,,,,1.0,,,,,4547597993170,861,21373.0,2018-01-13,0.0,0.0,25.0,25.0
,2.0,,,,,,,,,,,,,,2.0,,,,,4547597993170,861,21373.0,2018-01-14,0.0,0.0,21.0,21.0
,1.0,,,,,,,,,,,,,,1.0,,,,,4547597993170,861,21373.0,2018-01-15,6.0,0.0,25.0,19.0
,2.0,,,,,,1.0,1.0,,,,,,,,,,,,4547597993170,861,21373.0,2018-01-16,6.0,0.0,21.0,15.0
,4.0,,,,,,,,,,,,,,,,,,,4547597993170,861,21373.0,2018-01-17,0.0,3.0,19.0,16.0
,2.0,,,,,,,,,,,,,,2.0,,,,,4547597993170,861,21373.0,2018-01-18,0.0,0.0,15.0,15.0
,1.0,,,,,,,,,,,,,,2.0,,,,,4547597993170,861,21373.0,2018-01-19,0.0,0.0,12.0,12.0
,1.0,,,,,,,,,,,,,,1.0,,,,,4547597993170,861,21373.0,2018-01-20,0.0,7.0,18.0,11.0
,1.0,,,,,,,,,,,,,,,,,,,4547597993170,861,21373.0,2018-01-21,0.0,0.0,17.0,17.0
,1.0,,,,,,,,,,,,,,,,,,,4547597993170,861,21373.0,2018-01-22,0.0,5.0,21.0,16.0
,1.0,,,,,,,,,,,,,,1.0,,,,,4547597993170,861,21373.0,2018-01-23,0.0,0.0,19.0,19.0
,,,,,,,,,,,,,,,2.0,,,,,4547597993170,861,21373.0,2018-01-24,0.0,2.0,20.0,18.0
,3.0,,,,,,,,,,,,,,,,,,,4547597993170,861,21373.0,2018-01-25,0.0,0.0,17.0,17.0
,1.0,,,,,,7.0,,,,,,,,2.0,,,,,4547597993170,861,21373.0,2018-01-26,0.0,0.0,7.0,7.0
,1.0,,,,,,,1.0,,,,,,,1.0,,,,,4547597993170,861,21373.0,2018-01-27,0.0,0.0,3.0,3.0
,1.0,,,,,,,,,,,,,,1.0,,,,,4547597993170,861,21373.0,2018-01-28,0.0,26.0,27.0,1.0
,,,,,,,,,,,,,,,1.0,,,,,4547597993170,861,21373.0,2018-01-29,0.0,26.0,26.0,0.0
,1.0,,,,,,,,,,,,,,,,,,,4547597993170,861,21373.0,2018-01-30,0.0,16.0,26.0,10.0
,3.0,,,,,,,,,,,,,,,,,,,4547597993170,861,21373.0,2018-01-31,0.0,16.0,23.0,7.0
,,,,,,,,,1.0,,,,,,,,,,,4547597993170,861,21373.0,2018-02-01,0.0,16.0,22.0,6.0
,2.0,,,,,,2.0,,,,,,,,1.0,,,,,4547597993170,861,21373.0,2018-02-02,0.0,17.0,18.0,1.0
,2.0,,,,,,,,,,,,,,,,,,,4547597993170,861,21373.0,2018-02-03,0.0,17.0,17.0,0.0
,2.0,,,,,,,,,,,,,,1.0,,,,,4547597993170,861,21373.0,2018-02-04,0.0,17.0,17.0,0.0
,,,,,,,,,,,,,,,,,,,,4547597993170,861,21373.0,2018-02-05,0.0,34.0,35.0,1.0
,1.0,,,,,,,,,,,,,,,,,,,4547597993170,861,21373.0,2018-02-06,0.0,34.0,34.0,0.0
,,,,,,,,,,,,,,,2.0,,,,,4547597993170,861,21373.0,2018-02-07,0.0,44.0,44.0,0.0
,3.0,,,,,,,,,,,,,,,,,,,4547597993170,861,21373.0,2018-02-08,0.0,44.0,51.0,7.0
,,,,,,,,,,,,,,,,,,,,4547597993170,861,21373.0,2018-02-09,0.0,38.0,51.0,13.0
,2.0,,,,,,,1.0,,,,,,,,,,,,4547597993170,861,21373.0,2018-02-10,0.0,34.0,48.0,14.0
,,,,,,,,,,,,,,,1.0,,,,,4547597993170,861,21373.0,2018-02-11,0.0,34.0,47.0,13.0
,,,,,,,,,,,,,,,1.0,,,,,4547597993170,861,21373.0,2018-02-12,0.0,16.0,46.0,30.0
,3.0,,,,,,,,,,,,,,2.0,,,,,4547597993170,861,21373.0,2018-02-13,0.0,16.0,41.0,25.0
,2.0,,,,,,,,,,,,,,,,,,,4547597993170,861,21373.0,2018-02-14,0.0,16.0,39.0,23.0
,,,,,,,,,1.0,,,,,,1.0,,,,,4547597993170,861,21373.0,2018-02-15,0.0,16.0,37.0,21.0
,2.0,,,,,,,,,,,,,,,,,,,4547597993170,861,21373.0,2018-02-16,0.0,16.0,35.0,19.0
,,,,,,,,,,,,,,,,,,,,4547597993170,861,21373.0,2018-02-17,0.0,16.0,35.0,19.0
,,,,,,,,2.0,,,,,,,1.0,,,,,4547597993170,861,21373.0,2018-02-18,0.0,16.0,32.0,16.0
,1.0,,,,,,,,,,,,,,,,,,,4547597993170,861,21373.0,2018-02-19,0.0,20.0,36.0,16.0
,1.0,,,,,,,,,,,,,,1.0,,,,,4547597993170,861,21373.0,2018-02-20,0.0,20.0,34.0,14.0
,2.0,,,,,,,,,,,,,,1.0,,,,,4547597993170,861,21373.0,2018-02-21,0.0,20.0,31.0,11.0
,,,,,,,,,,,,,,,1.0,,,,,4547597993170,861,21373.0,2018-02-22,0.0,20.0,30.0,10.0
,,,,,,,,,,,,,,,,,,,,4547597993170,861,21373.0,2018-02-23,0.0,16.0,30.0,14.0
,,,,,,,,,,,,,,,,,,,,4547597993170,861,21373.0,2018-02-24,0.0,16.0,30.0,14.0
,,,,,,,,,,,,,,,1.0,,,,,4547597993170,861,21373.0,2018-02-25,0.0,0.0,29.0,29.0
,,,,,,,,,,,,,,,,,,,,4547597993170,861,21373.0,2018-02-26,0.0,0.0,29.0,29.0
,1.0,,,,,,,,1.0,,,,,,,,,,,4547597993170,861,21373.0,2018-02-27,0.0,0.0,27.0,27.0
,2.0,,,,,,,,,,,,,,,,,,,4547597993170,861,21373.0,2018-02-28,0.0,0.0,23.0,23.0
,2.0,,,,,,,,,,,,,,,,,,,4547597993170,861,21373.0,2018-03-01,0.0,0.0,21.0,21.0
,1.0,,,,,,,,,,,,,,1.0,,,,,4547597993170,861,21373.0,2018-03-02,0.0,0.0,19.0,19.0
,,,,,,,,,,,,,,,,,,,,4547597993170,861,21373.0,2018-03-03,0.0,0.0,19.0,19.0
,1.0,,,,,,1.0,,,,,,,,1.0,,,,,4547597993170,861,21373.0,2018-03-04,0.0,0.0,15.0,15.0
,,,,,,,,1.0,,,,,,,1.0,,,,,4547597993170,861,21373.0,2018-03-05,0.0,0.0,14.0,14.0
,,,,,,,,,,,,,,,1.0,,,,,4547597993170,861,21373.0,2018-03-06,0.0,0.0,13.0,13.0
,2.0,,,,,,,,,,,,,,,,,,,4547597993170,861,21373.0,2018-03-07,0.0,0.0,11.0,11.0
,,,,,,,,1.0,,,,,,,,,,,,4547597993170,861,21373.0,2018-03-08,0.0,0.0,10.0,10.0
,,,,,,,,,,,,,,,,,,,,4547597993170,861,21373.0,2018-03-09,0.0,0.0,10.0,10.0
,1.0,,,,,,,,,,,,,,1.0,,,,,4547597993170,861,21373.0,2018-03-10,0.0,0.0,8.0,8.0
,,,,,,,,,,,,,,,,,,,,4547597993170,861,21373.0,2018-03-11,0.0,1.0,8.0,7.0
,2.0,,,,,,,,,,,,,,1.0,,,,,4547597993170,861,21373.0,2018-03-12,6.0,0.0,12.0,6.0
,4.0,,,,,,,,,,,,,,,,,,,4547597993170,861,21373.0,2018-03-13,6.0,0.0,8.0,2.0
,,,,,,,,,,,,,,,,,,,,4547597993170,861,21373.0,2018-03-14,6.0,0.0,9.0,3.0
,,,,,,,,,,,,,,,1.0,,,,,4547597993170,861,21373.0,2018-03-15,0.0,0.0,8.0,8.0
,4.0,,,,,,,,,,,,,,,,,,,4547597993170,861,21373.0,2018-03-16,6.0,0.0,8.0,2.0
,,,,,,,,,,,,,,,1.0,,,,,4547597993170,861,21373.0,2018-03-17,6.0,2.0,8.0,0.0
,,,,,,,,,,,,,,,3.0,,,,,4547597993170,861,21373.0,2018-03-18,6.0,1.0,8.0,1.0
,,,,,,,,,,,,,,,,,,,,4547597993170,861,21373.0,2018-03-19,6.0,0.0,8.0,2.0
,2.0,,,,,,,,,,,,,,1.0,,,,,4547597993170,861,21373.0,2018-03-20,0.0,7.0,13.0,6.0
,,,,,,,,,,,,,,,,,,,,4547597993170,861,21373.0,2018-03-21,0.0,0.0,13.0,13.0
,2.0,,,,,,1.0,,1.0,,,,,,,,,,,4547597993170,861,21373.0,2018-03-22,0.0,0.0,9.0,9.0
,,,,,,,,,,,,,,,6.0,,,,,4547597993170,861,21373.0,2018-03-23,0.0,1.0,4.0,3.0
,,,,,,,,,,,,,,,,,,,,4547597993170,861,21373.0,2018-03-24,0.0,8.0,12.0,4.0
,,,,,,,,1.0,,,,,,,,,,,,4547597993170,861,21373.0,2018-03-25,0.0,0.0,11.0,11.0
,1.0,,,,,,,,,,,,,,,,,,,4547597993170,861,21373.0,2018-03-26,0.0,0.0,10.0,10.0
,,,,,,,,,,,,,,,,,,,,4547597993170,861,21373.0,2018-03-27,0.0,0.0,10.0,10.0
,,,,,,,,,,,,,,,,,,,,4547597993170,861,21373.0,2018-03-28,0.0,0.0,10.0,10.0
,2.0,,,,,,,,,,,,,,2.0,,,,,4547597993170,861,21373.0,2018-03-29,0.0,5.0,11.0,6.0
,0.0,,,,,,,,,,,,,,,,,,,4547597993170,861,21373.0,2018-03-30,0.0,0.0,11.0,11.0
,,,,,,,,,1.0,,,,,,,,,,,4547597993170,861,21373.0,2018-03-31,0.0,0.0,10.0,10.0
,1.0,,,,,,,,,,,,,,1.0,,,,,4547597993170,861,21373.0,2018-04-01,0.0,0.0,8.0,8.0
,,,,,,,,,,,,,,,,,,,,4547597993170,861,21373.0,2018-04-02,0.0,0.0,8.0,8.0
,,,,,,,,,,,,,,,1.0,,,,,4547597993170,861,21373.0,2018-04-03,0.0,0.0,12.0,12.0
,,,,,,,,,,,,,,,,,,,,4547597993170,861,21373.0,2018-04-04,0.0,0.0,12.0,12.0
,3.0,,,,,,,,1.0,,,,,,,,,,,4547597993170,861,21373.0,2018-04-05,24.0,0.0,36.0,12.0
,1.0,,,,,,,,,,,,,,,,,,,4547597993170,861,21373.0,2018-04-06,24.0,0.0,35.0,11.0
,2.0,,,,,,,,,,,,,,,,,,,4547597993170,861,21373.0,2018-04-07,0.0,0.0,33.0,33.0
,,,,,,,,,,,,,,,,,,,,4547597993170,861,21373.0,2018-04-08,0.0,0.0,33.0,33.0
,3.0,,,,,,,,,,,,,,1.0,,,,,4547597993170,861,21373.0,2018-04-09,0.0,0.0,29.0,29.0
,2.0,,,,,,,,,,,,,,,,,,,4547597993170,861,21373.0,2018-04-10,0.0,0.0,27.0,27.0
,,,,,,,,,,,,,,,1.0,,,,,4547597993170,861,21373.0,2018-04-11,0.0,0.0,26.0,26.0
,1.0,,,,,,,,,,,,,,,,,,,4547597993170,861,21373.0,2018-04-12,0.0,0.0,24.0,24.0
,2.0,,,,,,,,,,,,,,1.0,,,2.0,,4547597993170,861,21373.0,2018-04-13,0.0,0.0,20.0,20.0
,,,,,,,,,,,,,,,5.0,,,,,4547597993170,861,21373.0,2018-04-14,0.0,0.0,16.0,16.0
,,,,,,,,,,,,,,,1.0,,,,,4547597993170,861,21373.0,2018-04-15,0.0,0.0,16.0,16.0
,1.0,,,,,,,,,,,,,,,,,,,4547597993170,861,21373.0,2018-04-16,0.0,0.0,15.0,15.0
,1.0,,,,,,,,,,,,,,,,,,,4547597993170,861,21373.0,2018-04-17,0.0,0.0,14.0,14.0
,,,,,,,2.0,,,,,,,,,,,,,4547597993170,861,21373.0,2018-04-18,0.0,0.0,13.0,13.0
,2.0,,,,,,,,,,,,,1.0,,,,,,4547597993170,861,21373.0,2018-04-19,0.0,0.0,9.0,9.0
,,,,,,,,,,,,,,,1.0,,,,,4547597993170,861,21373.0,2018-04-20,0.0,0.0,10.0,10.0
,1.0,,,,,,,,,,,,,,1.0,,,,,4547597993170,861,21373.0,2018-04-21,0.0,0.0,8.0,8.0
,1.0,,,,,,,,,,,,,,,,,,,4547597993170,861,21373.0,2018-04-22,0.0,0.0,10.0,10.0
,,,,,,,,,,,,,,,,,,,,4547597993170,861,21373.0,2018-04-23,0.0,0.0,10.0,10.0
,,,,,,,,,,,,,,,,,,,,4547597993170,861,21373.0,2018-04-24,0.0,0.0,12.0,12.0
,1.0,,,,,,,,,,,,,,,,,,,4547597993170,861,21373.0,2018-04-25,0.0,0.0,11.0,11.0
,1.0,,,,,,,,,,,,,,,,,,,4547597993170,861,21373.0,2018-04-26,0.0,0.0,10.0,10.0
,,,,,,,,,1.0,,,,,,,,,,,4547597993170,861,21373.0,2018-04-27,0.0,0.0,9.0,9.0
,,,,,,,,,,,,,,,,,,,,4547597993170,861,21373.0,2018-04-28,0.0,0.0,9.0,9.0
,1.0,,,,,,,,,,,,,,,,,,,4547597993170,861,21373.0,2018-04-29,0.0,0.0,8.0,8.0
,,,,,,,,,,,,,,,2.0,,,,,4547597993170,861,21373.0,2018-04-30,0.0,0.0,6.0,6.0
,,,,,,,,,1.0,,,,,,2.0,,,,,4547597993170,861,21373.0,2018-05-01,0.0,1.0,4.0,3.0
,,,,,,,,,,,,,,,,,,,,4547597993170,861,21373.0,2018-05-02,0.0,1.0,3.0,2.0
,1.0,,,,,,,,,,,,,,,,,,,4547597993170,861,21373.0,2018-05-03,0.0,6.0,7.0,1.0
,1.0,,,,,,,,,,,,,,,,,,,4547597993170,861,21373.0,2018-05-04,0.0,0.0,6.0,6.0
,1.0,,,,,,,,1.0,,,,,,,,,,,4547597993170,861,21373.0,2018-05-05,0.0,5.0,8.0,3.0
,,,,,,,,,,,,,,,,,,,,4547597993170,861,21373.0,2018-05-06,0.0,10.0,13.0,3.0
,4.0,,,,,,,,,,,,,,2.0,,,,,4547597993170,861,21373.0,2018-05-07,0.0,10.0,10.0,0.0
,,,,,,,,,,,,,,,1.0,,,,,4547597993170,861,21373.0,2018-05-08,0.0,16.0,16.0,0.0
,,,,,,,,,,,,,,,,,,,,4547597993170,861,21373.0,2018-05-09,0.0,10.0,16.0,6.0
,1.0,,,,,,,1.0,1.0,,,,,,,,,,,4547597993170,861,21373.0,2018-05-10,0.0,8.0,16.0,8.0
,1.0,,,,,,,,,,,,,,,,,,,4547597993170,861,21373.0,2018-05-11,0.0,5.0,13.0,8.0
,,,,,,,,,,,,,,,1.0,,,,,4547597993170,861,21373.0,2018-05-12,0.0,0.0,12.0,12.0
,,,,,,,,,,,,,,,1.0,,,,,4547597993170,861,21373.0,2018-05-13,0.0,0.0,11.0,11.0
,1.0,,,,,,,,,,,,,,,,,,,4547597993170,861,21373.0,2018-05-14,0.0,0.0,10.0,10.0
,1.0,,,,,,,,,,,,,,,,,,,4547597993170,861,21373.0,2018-05-15,0.0,0.0,9.0,9.0
,,,,,,,,,,,,,,,,,,,,4547597993170,861,21373.0,2018-05-16,0.0,0.0,9.0,9.0
,,,,,,,,,,,,,,,,,,,,4547597993170,861,21373.0,2018-05-17,0.0,0.0,9.0,9.0
,,,,,,,,,,,,,,,,,,,,4547597993170,861,21373.0,2018-05-18,0.0,0.0,9.0,9.0
,1.0,,,,,,,,,,,,,,,,,,,4547597993170,861,21373.0,2018-05-19,0.0,0.0,8.0,8.0
,2.0,,,,,,,,,,,,,,,,,,,4547597993170,861,21373.0,2018-05-20,0.0,0.0,5.0,5.0
,1.0,,,,,,,1.0,,,,,,,1.0,,,,,4547597993170,861,21373.0,2018-05-21,0.0,3.0,6.0,3.0
,1.0,,,,,,4.0,,,,,,,,1.0,,,,,4547597993170,861,21373.0,2018-05-22,0.0,3.0,4.0,1.0
,,,,,,,,,,,,,,,,,,,,4547597993170,861,21373.0,2018-05-23,0.0,3.0,12.0,9.0
,,,,,,,,,,,,,,,,,,,,4547597993170,861,21373.0,2018-05-24,0.0,3.0,12.0,9.0
,,,,,,,,,,,,,,,2.0,,,,,4547597993170,861,21373.0,2018-05-25,0.0,0.0,10.0,10.0
,,,,,,,,,,,,,,,,,,,,4547597993170,861,21373.0,2018-05-26,0.0,0.0,10.0,10.0
,,,,,,,,,,,,,,,2.0,,,,,4547597993170,861,21373.0,2018-05-27,0.0,0.0,8.0,8.0
,1.0,,,,,,,,,,,,,,,,,,,4547597993170,861,21373.0,2018-05-28,0.0,0.0,7.0,7.0
,1.0,,,,,,,,,,,,,,1.0,,,,,4547597993170,861,21373.0,2018-05-29,0.0,4.0,12.0,8.0
,,,,,,,,,,,,,,,,,,,,4547597993170,861,21373.0,2018-05-30,0.0,0.0,12.0,12.0
,,,,,,,,,,,,,,,,,,,,4547597993170,861,21373.0,2018-05-31,0.0,0.0,11.0,11.0
,1.0,,,,,,,,,,,,,,1.0,,,,,4547597993170,861,21373.0,2018-06-01,0.0,0.0,10.0,10.0
,,,,,,,,,,,,,,,,,,,,4547597993170,861,21373.0,2018-06-02,0.0,0.0,10.0,10.0
,,,,,,,,,,,,,,,,,,,,4547597993170,861,21373.0,2018-06-03,0.0,0.0,10.0,10.0
,1.0,,,,,,,,2.0,,,,,,,,,,,4547597993170,861,21373.0,2018-06-04,0.0,0.0,7.0,7.0
,1.0,,,,,,,,,,,,,,2.0,,,,,4547597993170,861,21373.0,2018-06-05,0.0,0.0,4.0,4.0
,,,,,,,,,,,,,,,,,,,,4547597993170,861,21373.0,2018-06-06,0.0,5.0,9.0,4.0
,1.0,,,,,,1.0,,,,,,,,,,,,,4547597993170,861,21373.0,2018-06-07,0.0,1.0,8.0,7.0
,1.0,,,,,,,,1.0,,,,,,,,,,,4547597993170,861,21373.0,2018-06-08,0.0,1.0,7.0,6.0
,1.0,,,,,,,,,,,,,,,,,,,4547597993170,861,21373.0,2018-06-09,0.0,2.0,8.0,6.0
,,,,,,,,,1.0,,,,,,,,,,,4547597993170,861,21373.0,2018-06-10,0.0,0.0,7.0,7.0
,,,,,,,,,,,,,,,1.0,,,,,4547597993170,861,21373.0,2018-06-11,0.0,4.0,10.0,6.0
,,,,,,,,,1.0,,,,,,,,,,,4547597993170,861,21373.0,2018-06-12,0.0,0.0,9.0,9.0
,,,,,,,,,1.0,,,,,,,,,,,4547597993170,861,21373.0,2018-06-13,0.0,1.0,9.0,8.0
,,,,,,,,,,,,,,,,,,,,4547597993170,861,21373.0,2018-06-14,0.0,0.0,9.0,9.0
,4.0,,,,,,,,,,,,,,1.0,,,,,4547597993170,861,21373.0,2018-06-15,0.0,2.0,5.0,3.0
,2.0,,,,,,,,,,,,,,2.0,,,,,4547597993170,861,21373.0,2018-06-16,0.0,1.0,2.0,1.0
,,,,,,,,,,,,,,,,,,,,4547597993170,861,21373.0,2018-06-17,0.0,15.0,17.0,2.0
,,,,,,,,,,,,,,,,,,,,4547597993170,861,21373.0,2018-06-18,0.0,6.0,17.0,11.0
,1.0,,,,,,,,1.0,,,,,,,,,,,4547597993170,861,21373.0,2018-06-19,0.0,6.0,15.0,9.0
,1.0,,,,,,,,,,,,,,,,,,,4547597993170,861,21373.0,2018-06-20,0.0,6.0,14.0,8.0
,2.0,,,,,,,,,,,,,,1.0,,,,,4547597993170,861,21373.0,2018-06-21,0.0,6.0,11.0,5.0
,,,,,,,,,,,,,,,,,,,,4547597993170,861,21373.0,2018-06-22,0.0,6.0,11.0,5.0
,,,,,,,,,,,,,,,,,,,,4547597993170,861,21373.0,2018-06-23,0.0,6.0,11.0,5.0
,,,,,,,,,,,,,,,1.0,,,,,4547597993170,861,21373.0,2018-06-24,0.0,6.0,10.0,4.0
,,,,,,,,,,,,,,,,,,,,4547597993170,861,21373.0,2018-06-25,0.0,7.0,11.0,4.0
,1.0,,,,,,,,,,,,,,,,,,,4547597993170,861,21373.0,2018-06-26,0.0,7.0,9.0,2.0
,1.0,,,,,,,,,,,,,,,,,,,4547597993170,861,21373.0,2018-06-27,0.0,7.0,9.0,2.0
,1.0,,,,,,,,,,,,,,,,,,,4547597993170,861,21373.0,2018-06-28,0.0,8.0,10.0,2.0
,,,,,,,,,,,,,,,,,,,,4547597993170,861,21373.0,2018-06-29,0.0,2.0,10.0,8.0
,1.0,,,,,,,,,,,,,,,,,,,4547597993170,861,21373.0,2018-06-30,0.0,2.0,9.0,7.0
,1.0,,,,,,,,,,,,,,,,,,,4547597993170,861,21373.0,2018-07-01,0.0,2.0,8.0,6.0
,,,,,,,,,,,,,,,,,,,,4547597993170,861,21373.0,2018-07-02,0.0,1.0,8.0,7.0
,,,,,,,,,,,,,,,,,,,,4547597993170,861,21373.0,2018-07-03,0.0,0.0,8.0,8.0
,,,,,,,,,,,,,,,1.0,,,,,4547597993170,861,21373.0,2018-07-04,0.0,0.0,6.0,6.0
,1.0,,,,,,,,,,,,,,1.0,,,,,4547597993170,861,21373.0,2018-07-05,0.0,0.0,5.0,5.0
,,,,,,,,,,,,,,,,,,,,4547597993170,861,21373.0,2018-07-06,0.0,0.0,5.0,5.0
,1.0,,,,,,,,,,,,,,,,,,,4547597993170,861,21373.0,2018-07-07,0.0,0.0,4.0,4.0
,1.0,,,,,,,,,,,,,,,,,,,4547597993170,861,21373.0,2018-07-08,0.0,0.0,2.0,2.0
,3.0,,,,,,,,,,,,,,,,,,1.0,4547597993170,861,21373.0,2018-07-09,0.0,0.0,0.0,0.0
,,,,,,,,,,,,,,,,,,,,4547597993170,861,21373.0,2018-07-10,0.0,4.0,4.0,0.0
,4.0,,,,,,,,,,,,,,1.0,,,,,4547597993170,861,21373.0,2018-07-11,0.0,30.0,30.0,0.0
,,,,,,,,,,,,,,,,,,,,4547597993170,861,21373.0,2018-07-12,0.0,24.0,30.0,6.0
,3.0,,,,,,,,,,,,,,,,,,,4547597993170,861,21373.0,2018-07-13,0.0,24.0,27.0,3.0
,1.0,,,,,,,,,,,,,,,,,,,4547597993170,861,21373.0,2018-07-14,0.0,24.0,26.0,2.0
,,,,,,,1.0,,,,,,,,1.0,,,,,4547597993170,861,21373.0,2018-07-15,0.0,24.0,24.0,0.0
,1.0,,,,,,,,,,,,,,,,,,,4547597993170,861,21373.0,2018-07-16,0.0,24.0,24.0,0.0
,,,,,,,,,,,,,,,,,,,,4547597993170,861,21373.0,2018-07-17,0.0,24.0,24.0,0.0
,,,,,,,,,,,,,,,,,,,,4547597993170,861,21373.0,2018-07-18,0.0,24.0,24.0,0.0
,,,,,,,,,,,,,,,,,,,,4547597993170,861,21373.0,2018-07-19,0.0,24.0,24.0,0.0
,,,,,,,,,,,,,,,,,,,,4547597993170,861,21373.0,2018-07-20,0.0,24.0,24.0,0.0
,,,,,,,,,,,,,,,,,,,,4547597993170,861,21373.0,2018-07-21,0.0,24.0,24.0,0.0
,1.0,,,,,,,,,,,,,,,,,,,4547597993170,861,21373.0,2018-07-22,0.0,24.0,24.0,0.0
,1.0,,,,,,,,,,,,,,,,,,,4547597993170,861,21373.0,2018-07-23,0.0,24.0,24.0,0.0
,3.0,,,,,,,,,,,,,,,,,,,4547597993170,861,21373.0,2018-07-24,0.0,24.0,24.0,0.0
,4.0,,,,,,,,,,,,,,1.0,,,,,4547597993170,861,21373.0,2018-07-25,0.0,24.0,24.0,0.0
,,,,,,,,,,,,,,,,,,,,4547597993170,861,21373.0,2018-07-26,6.0,24.0,30.0,0.0
,,,,,,,,,,,,,,,,,,,,4547597993170,861,21373.0,2018-07-27,6.0,24.0,30.0,0.0
,,,,,,,,,,,,,,,,,,,,4547597993170,861,21373.0,2018-07-28,0.0,24.0,30.0,6.0
,,,,,,,,,,,,,,,,,,,,4547597993170,861,21373.0,2018-07-29,0.0,24.0,30.0,6.0
,,,,,,,,,,,,,,,,,,,,4547597993170,861,21373.0,2018-07-30,0.0,20.0,30.0,10.0
,1.0,,,,,,,,,,,,,,1.0,,,,,4547597993170,861,21373.0,2018-07-31,0.0,16.0,30.0,14.0
,,,,,,,,,,,,,,,,,,,,4547597800850,861,0.0,2017-08-01,,,,
,,,,,,,,,,,,,,,,,,,,4547597800850,861,0.0,2017-08-02,,,,
,,,,,,,,,,,,,,,,,,,,4547597800850,861,0.0,2017-08-03,,,,
,,,,,,,,,,,,,,,,,,,,4547597800850,861,0.0,2017-08-04,,,,
,,,,,,,,,,,,,,,,,,,,4547597800850,861,0.0,2017-08-05,,,,
,,,,,,,,,,,,,,,,,,,,4547597800850,861,0.0,2017-08-06,,,,
,,,,,,,,,,,,,,,,,,,,4547597800850,861,0.0,2017-08-07,,,,
,,,,,,,,,,,,,,,,,,,,4547597800850,861,0.0,2017-08-08,,,,
,,,,,,,,,,,,,,,,,,,,4547597800850,861,0.0,2017-08-09,,,,
,,,,,,,,,,,,,,,,,,,,4547597800850,861,0.0,2017-08-10,,,,
,,,,,,,,,,,,,,,,,,,,4547597800850,861,0.0,2017-08-11,,,,
,,,,,,,,,,,,,,,,,,,,4547597800850,861,0.0,2017-08-12,,,,
,,,,,,,,,,,,,,,,,,,,4547597800850,861,0.0,2017-08-13,,,,
,,,,,,,,,,,,,,,,,,,,4547597800850,861,0.0,2017-08-14,,,,
,,,,,,,,,,,,,,,,,,,,4547597800850,861,0.0,2017-08-15,,,,
,,,,,,,,,,,,,,,,,,,,4547597800850,861,0.0,2017-08-16,,,,
,,,,,,,,,,,,,,,,,,,,4547597800850,861,0.0,2017-08-17,,,,
,,,,,,,,,,,,,,,,,,,,4547597800850,861,0.0,2017-08-18,,,,
,,,,,,,,,,,,,,,,,,,,4547597800850,861,0.0,2017-08-19,,,,
,,,,,,,,,,,,,,,,,,,,4547597800850,861,0.0,2017-08-20,,,,
,,,,,,,,,,,,,,,,,,,,4547597800850,861,0.0,2017-08-21,,,,
,,,,,,,,,,,,,,,,,,,,4547597800850,861,0.0,2017-08-22,,,,
,,,,,,,,,,,,,,,,,,,,4547597800850,861,0.0,2017-08-23,,,,
,,,,,,,,,,,,,,,,,,,,4547597800850,861,0.0,2017-08-24,,,,
,,,,,,,,,,,,,,,,,,,,4547597800850,861,0.0,2017-08-25,,,,
,,,,,,,,,,,,,,,,,,,,4547597800850,861,0.0,2017-08-26,,,,
,,,,,,,,,,,,,,,,,,,,4547597800850,861,0.0,2017-08-27,,,,
,,,,,,,,,,,,,,,,,,,,4547597800850,861,0.0,2017-08-28,,,,
,,,,,,,,,,,,,,,,,,,,4547597800850,861,0.0,2017-08-29,,,,
,,,,,,,,,,,,,,,,,,,,4547597800850,861,0.0,2017-08-30,,,,
,,,,,,,,,,,,,,,,,,,,4547597800850,861,0.0,2017-08-31,,,,
,,,,,,,,,,,,,,,,,,,,4547597800850,861,0.0,2017-09-01,,,,
,1.0,,,,,,,,,,,,,,,,,,,4547597800850,861,,2017-09-02,,,,
,,,,,,,,,,,,,,,,,,,,4547597800850,861,0.0,2017-09-02,,,,
,,,,,,,,,,,,,,,,,,,,4547597800850,861,0.0,2017-09-03,,,,
,1.0,,,,,,,,,,,,,,,,,,,4547597800850,861,,2017-09-04,,,,
,,,,,,,,,,,,,,,,,,,,4547597800850,861,0.0,2017-09-04,,,,
,,,,,,,,,,,,,,,,,,,,4547597800850,861,0.0,2017-09-05,,,,
,,,,,,,,,,,,,,,,,,,,4547597800850,861,0.0,2017-09-06,,,,
,,,,,,,,,,,,,,,,,,,,4547597800850,861,0.0,2017-09-07,,,,
,1.0,,,,,,,,,,,,,,,,,,,4547597800850,861,,2017-09-08,,,,
,,,,,,,,,,,,,,,,,,,,4547597800850,861,0.0,2017-09-08,,,,
,,,,,,,,,,,,,,,,,,,,4547597800850,861,0.0,2017-09-09,,,,
,1.0,,,,,,,,,,,,,,,,,,,4547597800850,861,,2017-09-10,,,,
,,,,,,,,,,,,,,,,,,,,4547597800850,861,0.0,2017-09-10,,,,
,,,,,,,,,,,,,,,,,,,,4547597800850,861,0.0,2017-09-11,,,,
,2.0,,,,,,,,,,,,,,1.0,,,,,4547597800850,861,,2017-09-11,,,,
,,,,,,,,,,,,,,,,,,,,4547597800850,861,0.0,2017-09-12,,,,
,,,,,,,,,,,,,,,,,,,,4547597800850,861,0.0,2017-09-13,,,,
,1.0,,,,,,,,,,,,,,,,,,,4547597800850,861,,2017-09-13,,,,
,,,,,,,,,,,,,,,,,,,,4547597800850,861,0.0,2017-09-14,,,,
,,,,,,1.0,,,,,,,,,,,,,,4547597800850,861,,2017-09-14,,,,
,2.0,,,,,,,,,,,,,,1.0,,,,,4547597800850,861,,2017-09-15,,,,
,,,,,,,,,,,,,,,,,,,,4547597800850,861,0.0,2017-09-15,,,,
,,,,,,,,,,,,,,,,,,,,4547597800850,861,0.0,2017-09-16,,,,
,1.0,,,,,,,,,,,,,,1.0,,,,,4547597800850,861,,2017-09-16,,,,
,,,,,,,,,,,,,,,,,,,,4547597800850,861,0.0,2017-09-17,,,,
,,,,,,,,,,,,,,,,,,,,4547597800850,861,0.0,2017-09-18,,,,
,,,,,,,,,,,,,,,,,,,,4547597800850,861,0.0,2017-09-19,,,,
,1.0,,,,,,,,,,,,,,,,,,,4547597800850,861,,2017-09-19,,,,
,,,,,,,,,,,,,,,,,,,,4547597800850,861,0.0,2017-09-20,,,,
,,,,,,,,,,,,,,,,,,,,4547597800850,861,0.0,2017-09-21,,,,
,-1.0,,,,,,,,,,,,,,,,,,,4547597800850,861,,2017-09-21,,,,
,,,,,,,,,,,,,,,,,,,,4547597800850,861,0.0,2017-09-22,,,,
,1.0,,,,,,,,,,,,,,,,,,,4547597800850,861,,2017-09-22,,,,
,,,,,,,,,,,,,,,,,,,,4547597800850,861,0.0,2017-09-23,,,,
,,,,,,,,,,,,,,,,,,,,4547597800850,861,0.0,2017-09-24,,,,
,,,,,,,,,,,,,,,2.0,,,,,4547597800850,861,,2017-09-24,,,,
,1.0,,,,,1.0,,,,,,,,,,,,,,4547597800850,861,,2017-09-25,,,,
,,,,,,,,,,,,,,,,,,,,4547597800850,861,0.0,2017-09-25,,,,
,,,,,,,,,,,,,,,1.0,,,,,4547597800850,861,,2017-09-26,,,,
,,,,,,,,,,,,,,,,,,,,4547597800850,861,0.0,2017-09-26,,,,
,,,,,,,,,,,,,,,,,,,,4547597800850,861,0.0,2017-09-27,,,,
,3.0,,,,,,,,,,,,,,,,,,,4547597800850,861,,2017-09-27,,,,
,1.0,,,,,,,,,,,,,,,,,,,4547597800850,861,,2017-09-28,,,,
,,,,,,,,,,,,,,,,,,,,4547597800850,861,0.0,2017-09-28,,,,
,,,,,,,,,,,,,,,,,,,,4547597800850,861,0.0,2017-09-29,,,,
,,,,,,,,,,,,,,,,,,,1.0,4547597800850,861,,2017-09-29,,,,
,,,,,,,,,,,,,,,,,,,,4547597800850,861,0.0,2017-09-30,,,,
,,,,,,,,,,,,,,,,,,,,4547597800850,861,0.0,2017-10-01,,,,
,,,,,,,,,,,,,,,,,,,,4547597800850,861,0.0,2017-10-02,,,,
,,,,,,,,,,,,,,,,,,,,4547597800850,861,0.0,2017-10-03,,,,
,,,,,,,,,,,,,,,,,,,,4547597800850,861,0.0,2017-10-04,,,,
,1.0,,,,,,,,,,,,,,,,,,,4547597800850,861,,2017-10-04,,,,
,,,,,,,,,,,,,,,,,,,,4547597800850,861,0.0,2017-10-05,,,,
,6.0,,,,,,,,,,,,,,1.0,,,,,4547597800850,861,,2017-10-05,,,,
,,,,,,,,,,,,,,,,,,,,4547597800850,861,0.0,2017-10-06,,,,
,2.0,,,,,,,,,,,,,,,,,,2.0,4547597800850,861,,2017-10-06,,,,
,,,,,,,,,,,,,,,,,,,,4547597800850,861,0.0,2017-10-07,,,,
,,,,,,,,,,,,,,,,,,,,4547597800850,861,0.0,2017-10-08,,,,
,,,,,,,,,,,,,,,,,,,,4547597800850,861,0.0,2017-10-09,,,,
,,,,,,,,,,,,,,,,,,,,4547597800850,861,0.0,2017-10-10,,,,
,3.0,,,,,,,,,,,,,,,,,,,4547597800850,861,,2017-10-10,,,,
,,,,,,,,,,,,,,,,,,,,4547597800850,861,0.0,2017-10-11,,,,
,,,,,,,,,,,,,,,,,,,,4547597800850,861,0.0,2017-10-12,,,,
,,,,,,,,,,,,,,,,,,,,4547597800850,861,0.0,2017-10-13,,,,
,,,,,,,,,,,,,,,,,,,,4547597800850,861,0.0,2017-10-14,,,,
,,,,,,,,,,,,,,,,,,,,4547597800850,861,0.0,2017-10-15,,,,
,1.0,,,,,,,,,,,,,,,,,,2.0,4547597800850,861,,2017-10-16,,,,
,,,,,,,,,,,,,,,,,,,,4547597800850,861,0.0,2017-10-16,,,,
,,,,,,,,,,,,,,,,,,,,4547597800850,861,0.0,2017-10-17,,,,
,,,,,,,,,,,,,,,,,,,,4547597800850,861,0.0,2017-10-18,,,,
,,,,,,,,,,,,,,,,,,,,4547597800850,861,0.0,2017-10-19,,,,
,,,,,,,,,,,,,,,,,,,,4547597800850,861,0.0,2017-10-20,,,,
,,,,,,,,,,,,,,,,,,,,4547597800850,861,0.0,2017-10-21,,,,
,1.0,,,,,,,,,,,,,,,,,,,4547597800850,861,,2017-10-22,,,,
,,,,,,,,,,,,,,,,,,,,4547597800850,861,0.0,2017-10-22,,,,
,,,,,,,,,,,,,,,,,,,,4547597800850,861,0.0,2017-10-23,,,,
,,,,,,,,,,,,,,,,,,,,4547597800850,861,0.0,2017-10-24,,,,
,,,,,,,,,,,,,,,,,,,,4547597800850,861,0.0,2017-10-25,,,,
,1.0,,,,,,,,,,,,,,,,,,,4547597800850,861,,2017-10-25,,,,
,,,,,,,,,,,,,,,,,,,,4547597800850,861,0.0,2017-10-26,,,,
,1.0,,,,,,,,,,,,,,,,,,3.0,4547597800850,861,,2017-10-26,,,,
,,,,,,,,,,,,,,,,,,,,4547597800850,861,0.0,2017-10-27,,,,
,,,,,,,,,,,,,,,,,,,6.0,4547597800850,861,,2017-10-27,,,,
,,,,,,,,,,,,,,,,,,,,4547597800850,861,0.0,2017-10-28,,,,
,,,,,,,,,,,,,,,1.0,,,,,4547597800850,861,,2017-10-28,,,,
,,,,,,,,,,,,,,,,,,,,4547597800850,861,0.0,2017-10-29,,,,
,1.0,,,,,,,,,,,,,,,,,,,4547597800850,861,,2017-10-29,,,,
,,,,,,,,,,,,,,,,,,,,4547597800850,861,0.0,2017-10-30,,,,
,,,,,,,,,,,,,,,,,,,2.0,4547597800850,861,,2017-10-30,,,,
,2.0,,,,,,,,,,,,,,,,,,2.0,4547597800850,861,,2017-10-31,,,,
,,,,,,,,,,,,,,,,,,,,4547597800850,861,0.0,2017-10-31,,,,
,1.0,,,,,,,,,,,,,,1.0,,,,1.0,4547597800850,861,3445.0,2017-11-01,3.0,0.0,6.0,3.0
,,,,,,,,,,,,,,,,,,,,4547597800850,861,3445.0,2017-11-02,5.0,1.0,12.0,6.0
,1.0,,,,,,,,,,,,,,1.0,,,,,4547597800850,861,3445.0,2017-11-03,3.0,1.0,10.0,6.0
,,,,,,,,,,,,,,,,,,,,4547597800850,861,3445.0,2017-11-04,3.0,1.0,9.0,5.0
,,,,,,,,,,,,,,,,,,,,4547597800850,861,3445.0,2017-11-05,3.0,1.0,8.0,4.0
,1.0,,,,,,,,,,,,,,,,,,,4547597800850,861,3445.0,2017-11-06,3.0,1.0,8.0,4.0
,,,,,,,,,,,,,,,,,,,,4547597800850,861,3445.0,2017-11-07,2.0,1.0,11.0,8.0
,2.0,,,,,,,,,,,,,,,,,,,4547597800850,861,3445.0,2017-11-08,2.0,1.0,9.0,6.0
,2.0,,,,,,,,,,,,,,,,,,,4547597800850,861,3445.0,2017-11-09,0.0,1.0,6.0,5.0
,2.0,,,,,,,,,,,,,,1.0,,,,1.0,4547597800850,861,3445.0,2017-11-10,1.0,1.0,4.0,2.0
,,,,,,,,,,,,,,,,,,,,4547597800850,861,3445.0,2017-11-11,6.0,1.0,9.0,2.0
,,,,,,,,,,,,,,,1.0,,,,,4547597800850,861,3445.0,2017-11-12,6.0,1.0,8.0,1.0
,,,,,,,,,,,,,,,1.0,,,,,4547597800850,861,3445.0,2017-11-13,7.0,1.0,8.0,0.0
,1.0,,,,,,,,,,,,,,,,,,,4547597800850,861,3445.0,2017-11-14,4.0,1.0,10.0,5.0
,,,,,,,,,,,,,,,,,,,,4547597800850,861,3445.0,2017-11-15,4.0,1.0,11.0,6.0
,1.0,,,,,,,,,,,,,,,,,,,4547597800850,861,3445.0,2017-11-16,1.0,1.0,10.0,8.0
,,,,,,,,,,,,,,,,,,,,4547597800850,861,3445.0,2017-11-17,0.0,1.0,10.0,9.0
,,,,,,,,,,,,,,,,,,,,4547597800850,861,3445.0,2017-11-18,0.0,1.0,10.0,9.0
,,,,,,,,,,,,,,,,,,,,4547597800850,861,3445.0,2017-11-19,0.0,1.0,10.0,9.0
,,,,,,,,,,,,,,,1.0,,,,,4547597800850,861,3445.0,2017-11-20,0.0,1.0,15.0,14.0
,,,,,,,,,,,,,,,,,,,,4547597800850,861,3445.0,2017-11-21,0.0,1.0,15.0,14.0
,,,,,,,,,,,,,,,,,,,,4547597800850,861,3445.0,2017-11-22,0.0,1.0,15.0,14.0
,,,,,,,,,,,,,,,,,,,,4547597800850,861,3445.0,2017-11-23,0.0,1.0,14.0,13.0
,,,,,,,,,,,,,,,1.0,,,,,4547597800850,861,3445.0,2017-11-24,0.0,1.0,14.0,13.0
,,,,,,,,,,,,,,,1.0,,,,,4547597800850,861,3445.0,2017-11-25,0.0,1.0,13.0,12.0
,,,,,,,,,,,,,,,,,,,,4547597800850,861,3445.0,2017-11-26,0.0,0.0,13.0,13.0
,,,,,,,,,,,,,,,,,,,,4547597800850,861,3445.0,2017-11-27,0.0,0.0,13.0,13.0
,,,,,,,,,,,,,,,,,,,1.0,4547597800850,861,3445.0,2017-11-28,0.0,0.0,11.0,11.0
,1.0,,,,,,,,,,,,,,,,,,,4547597800850,861,3445.0,2017-11-29,0.0,0.0,11.0,11.0
,1.0,,,,,,1.0,,,,,,,,,,,,,4547597800850,861,3445.0,2017-11-30,0.0,0.0,9.0,9.0
,1.0,,,,,,,,,,,,,,,,,,,4547597800850,861,3445.0,2017-12-01,0.0,0.0,8.0,8.0
,,,,,,,,,,,,,,,,,,,,4547597800850,861,3445.0,2017-12-02,0.0,0.0,8.0,8.0
,,,,,,,,,,,,,,,,,,,,4547597800850,861,3445.0,2017-12-03,0.0,0.0,8.0,8.0
,,,,,,,,,,,,,,,,,,,,4547597800850,861,3445.0,2017-12-04,0.0,0.0,8.0,8.0
,,,,,,,,,,,,,,,,,,,2.0,4547597800850,861,3445.0,2017-12-05,0.0,0.0,6.0,6.0
,,,,,,,,,,,,,,,,,,,,4547597800850,861,3445.0,2017-12-06,0.0,0.0,6.0,6.0
,2.0,,,,,,,,,,,,,,,,,,,4547597800850,861,3445.0,2017-12-07,0.0,0.0,4.0,4.0
,3.0,,,,,,,,,,,,,,,,,,,4547597800850,861,3445.0,2017-12-08,2.0,0.0,3.0,1.0
,,,,,,,,,,,,,,,,,,,,4547597800850,861,3445.0,2017-12-09,5.0,0.0,6.0,1.0
,,,,,,,,,,,,,,,,,,,,4547597800850,861,3445.0,2017-12-10,5.0,0.0,6.0,1.0
,1.0,,,,,,,,,,,,,,,,,,,4547597800850,861,3445.0,2017-12-11,5.0,0.0,5.0,0.0
,,,,,,,,,,,,,,,,,,,,4547597800850,861,3445.0,2017-12-12,1.0,0.0,6.0,5.0
,,,,,,,2.0,,,,,,,,1.0,,,,,4547597800850,861,3445.0,2017-12-13,1.0,0.0,3.0,2.0
,1.0,,,,,,,,,,,,,,,,,,,4547597800850,861,3445.0,2017-12-14,3.0,0.0,5.0,2.0
,1.0,,,,,,,,,,,,,,,,,,,4547597800850,861,3445.0,2017-12-15,5.0,0.0,6.0,1.0
,,,,,,,,,,,,,,,,,,,,4547597800850,861,3445.0,2017-12-16,3.0,0.0,7.0,4.0
,1.0,,,,,,,,,,,,,,,,,,,4547597800850,861,3445.0,2017-12-17,3.0,0.0,6.0,3.0
,,,,,,,,,,,,,,,,,,,,4547597800850,861,3445.0,2017-12-18,4.0,0.0,7.0,3.0
,2.0,,,,,,,,,,,,,,,,,,,4547597800850,861,3445.0,2017-12-19,4.0,0.0,5.0,1.0
,,,,,,,,,,,,,,,,,,,,4547597800850,861,3445.0,2017-12-20,2.0,0.0,7.0,5.0
,1.0,,,,,,,,,,,,,,2.0,,,,,4547597800850,861,3445.0,2017-12-21,2.0,0.0,4.0,2.0
,,,,,,,,,,,,,,,-1.0,,,,,4547597800850,861,3445.0,2017-12-22,4.0,0.0,9.0,5.0
,,,,,,,,,,,,,,,,,,,,4547597800850,861,3445.0,2017-12-23,4.0,0.0,9.0,5.0
,,,,,,,,,,,,,,,,,,,,4547597800850,861,3445.0,2017-12-24,4.0,0.0,9.0,5.0
,,,,,,,,,,,,,,,,,,,,4547597800850,861,3445.0,2017-12-25,4.0,0.0,9.0,5.0
,,,,,,,,,,,,,,,1.0,,,,,4547597800850,861,3445.0,2017-12-26,4.0,0.0,8.0,4.0
,,,,,,,,,,,,,,,,,,,,4547597800850,861,3445.0,2017-12-27,4.0,0.0,8.0,4.0
,,,,,,,,,,,,,,,,,,,,4547597800850,861,3445.0,2017-12-28,6.0,0.0,10.0,4.0
,,,,,,,,,,,,,,,,,,,,4547597800850,861,3445.0,2017-12-29,6.0,0.0,10.0,4.0
,1.0,,,,,,1.0,,,,,,,,,,,,,4547597800850,861,3445.0,2017-12-30,6.0,0.0,8.0,2.0
,,,,,,,,,,,,,,,,,,,,4547597800850,861,3445.0,2017-12-31,6.0,0.0,8.0,2.0
,,,,,,,,,,,,,,,,,,,,4547597800850,861,3445.0,2018-01-01,6.0,0.0,8.0,2.0
,1.0,,,,,,,,,,,,,,,,,,,4547597800850,861,3445.0,2018-01-02,6.0,0.0,6.0,0.0
,,,,,,,,,,,,,,,,,,,,4547597800850,861,3445.0,2018-01-03,6.0,0.0,6.0,0.0
,1.0,,,,,,,,,,,,,,,,,,,4547597800850,861,3445.0,2018-01-04,6.0,0.0,6.0,0.0
,,,,,,1.0,,,,,,,,,,,,,,4547597800850,861,3445.0,2018-01-05,0.0,0.0,4.0,4.0
,,,,,,,,,,,,,,,,,,,,4547597800850,861,3445.0,2018-01-06,1.0,0.0,5.0,4.0
,,,,,,,,,,,,,,,,,,,,4547597800850,861,3445.0,2018-01-07,1.0,0.0,5.0,4.0
,,,,,,,,,,,,,,,1.0,,,,,4547597800850,861,3445.0,2018-01-08,1.0,0.0,4.0,3.0
,2.0,,,,,,,,,,,,,,1.0,,,,,4547597800850,861,3445.0,2018-01-09,2.0,0.0,2.0,0.0
,,,,,,,,,,,,,,,,,,,,4547597800850,861,3445.0,2018-01-10,4.0,0.0,5.0,1.0
,,,,,,,,,,,,,,,,,,,,4547597800850,861,3445.0,2018-01-11,3.0,0.0,5.0,2.0
,1.0,,,,,,,,,,,,,,,,,,,4547597800850,861,3445.0,2018-01-12,0.0,0.0,4.0,4.0
,,,,,,,,,,,,,,,,,,,,4547597800850,861,3445.0,2018-01-13,1.0,0.0,5.0,4.0
,,,,,,,,,,,,,,,,,,,,4547597800850,861,3445.0,2018-01-14,1.0,0.0,5.0,4.0
,,,,,,,,,,,,,,,,,,,1.0,4547597800850,861,3445.0,2018-01-15,1.0,0.0,4.0,3.0
,,,,,,,,,,,,,,,,,,,,4547597800850,861,3445.0,2018-01-16,0.0,0.0,4.0,4.0
,,,,,,,,,,,,,,,,,,,,4547597800850,861,3445.0,2018-01-17,0.0,0.0,4.0,4.0
,2.0,,,,,,,,,,,,,,,,,,,4547597800850,861,3445.0,2018-01-18,0.0,0.0,2.0,2.0
,2.0,,,,,,,,,,,,,,,,,,,4547597800850,861,3445.0,2018-01-19,3.0,0.0,3.0,0.0
,,,,,,,,,,,,,,,,,,,,4547597800850,861,3445.0,2018-01-20,5.0,0.0,5.0,0.0
,,,,,,,1.0,,,,,,,,,,,,,4547597800850,861,3445.0,2018-01-21,5.0,0.0,5.0,0.0
,,,,,,,,,,,,,,,,,,,,4547597800850,861,3445.0,2018-01-22,5.0,0.0,5.0,0.0
,,,,,,,,,,,,,,,,,,,,4547597800850,861,3445.0,2018-01-23,0.0,0.0,5.0,5.0
,,,,,,,,,,,,,,,1.0,,,,,4547597800850,861,3445.0,2018-01-24,0.0,0.0,4.0,4.0
,,,,,,,,,,,,,,,,,,,,4547597800850,861,3445.0,2018-01-25,1.0,0.0,5.0,4.0
,,,,,,,,,,,,,,,,,,,,4547597800850,861,3445.0,2018-01-26,1.0,0.0,5.0,4.0
,1.0,,,,,,,,,,,,,,,,,,,4547597800850,861,3445.0,2018-01-27,1.0,0.0,4.0,3.0
,1.0,,,,,,,,,,,,,,,,,,,4547597800850,861,3445.0,2018-01-28,1.0,0.0,3.0,2.0
,,,,,,,,,,,,,,,,,,,,4547597800850,861,3445.0,2018-01-29,2.0,0.0,5.0,3.0
,,,,,,,,,,,,,,,,,,,,4547597800850,861,3445.0,2018-01-30,2.0,0.0,4.0,2.0
,,,,,,,,,,,,,,,1.0,,,,,4547597800850,861,3445.0,2018-01-31,1.0,0.0,5.0,4.0
,,,,,,,,,,,,,,,,,,,,4547597800850,861,3445.0,2018-02-01,1.0,0.0,5.0,4.0
,1.0,,,,,,,,,,,,,,,,,,1.0,4547597800850,861,3445.0,2018-02-02,0.0,0.0,2.0,2.0
,,,,,,,,,,,,,,,,,,,,4547597800850,861,3445.0,2018-02-03,3.0,0.0,4.0,1.0
,1.0,,,,,,,,,,,,,,,,,,,4547597800850,861,3445.0,2018-02-04,4.0,0.0,4.0,0.0
,,,,,,,,,,,,,,,1.0,,,,,4547597800850,861,3445.0,2018-02-05,5.0,0.0,5.0,0.0
,,,,,,,,,,,,,,,,,,,,4547597800850,861,3445.0,2018-02-06,1.0,0.0,5.0,4.0
,,,,,,,,,,,,,,,,,,,,4547597800850,861,3445.0,2018-02-07,1.0,0.0,5.0,4.0
,,,,,,,,,,,,,,,,,,,2.0,4547597800850,861,3445.0,2018-02-08,0.0,0.0,2.0,2.0
,1.0,,,,,,,,,,,,,,,,,,,4547597800850,861,3445.0,2018-02-09,3.0,0.0,5.0,2.0
,,,,,,,,,,,,,,,,,,,,4547597800850,861,3445.0,2018-02-10,3.0,0.0,5.0,2.0
,,,,,,,,,,,,,,,,,,,,4547597800850,861,3445.0,2018-02-11,3.0,0.0,5.0,2.0
,,,,,,,,,,,,,,,,,,,,4547597800850,861,3445.0,2018-02-12,3.0,0.0,5.0,2.0
,1.0,,,,,,,,,,,,,,,,,,,4547597800850,861,3445.0,2018-02-13,3.0,0.0,4.0,1.0
,,,,,,,,,,,,,,,,,,,,4547597800850,861,3445.0,2018-02-14,0.0,0.0,4.0,4.0
,,,,,,,,,,,,,,,,,,,,4547597800850,861,3445.0,2018-02-15,0.0,0.0,4.0,4.0
,4.0,,,,,,,,,,,,,,,,,,,4547597800850,861,3445.0,2018-02-16,1.0,0.0,1.0,0.0
,,,,,,,,,,,,,,,,,,,,4547597800850,861,3445.0,2018-02-17,1.0,0.0,1.0,0.0
,,,,,,,,,,,,,,,,,,,,4547597800850,861,3445.0,2018-02-18,5.0,0.0,5.0,0.0
,,,,,,,,,,,,,,,,,,,,4547597800850,861,3445.0,2018-02-19,5.0,0.0,5.0,0.0
,5.0,,,,,,,,,,,,,,,,,,1.0,4547597800850,861,3445.0,2018-02-20,0.0,0.0,3.0,3.0
,1.0,,,,,,,,,,,,,,,,,,,4547597800850,861,3445.0,2018-02-21,2.0,0.0,4.0,2.0
,,,,,,,,,,,,,,,,,,,,4547597800850,861,3445.0,2018-02-22,3.0,0.0,5.0,2.0
,,,,,,,,,,,,,,,,,,,3.0,4547597800850,861,3445.0,2018-02-23,2.0,0.0,3.0,1.0
,,,,,,,,,,,,,,,,,,,,4547597800850,861,3445.0,2018-02-24,1.0,0.0,3.0,2.0
,,,,,,,,,,,,,,,,,,,,4547597800850,861,3445.0,2018-02-25,1.0,0.0,3.0,2.0
,2.0,,,,,,,,,,,,,,,,,,,4547597800850,861,3445.0,2018-02-26,1.0,0.0,1.0,0.0
,,,,,,,,,,,,,,,,,,,,4547597800850,861,3445.0,2018-02-27,6.0,0.0,6.0,0.0
,,,,,,,,,,,,,,,,,,,,4547597800850,861,3445.0,2018-02-28,6.0,0.0,8.0,2.0
,10.0,,,,,,,,,,,,,,,,,,,4547597800850,861,3445.0,2018-03-01,5.0,0.0,8.0,3.0
,,,,,,,,,,,,,,,,,,,,4547597800850,861,3445.0,2018-03-02,1.0,0.0,4.0,3.0
,1.0,,,,,,,,,,,,,,,,,,,4547597800850,861,3445.0,2018-03-03,5.0,0.0,12.0,7.0
,2.0,,,,,,,,,,,,,,1.0,,,,,4547597800850,861,3445.0,2018-03-04,5.0,0.0,9.0,4.0
,,,,,,,,,,,,,,,,,,,,4547597800850,861,3445.0,2018-03-05,5.0,0.0,9.0,4.0
,2.0,,,,,,,,,,,,,,,,,,,4547597800850,861,3445.0,2018-03-06,0.0,0.0,7.0,7.0
,4.0,,,,,,,,,,,,,,,,,,,4547597800850,861,3445.0,2018-03-07,1.0,0.0,4.0,3.0
,,,,,,,,,,,,,,,2.0,,,,,4547597800850,861,3445.0,2018-03-08,6.0,0.0,7.0,1.0
,,,,,,,,,,,,,,,,,,,1.0,4547597800850,861,3445.0,2018-03-09,8.0,0.0,9.0,1.0
,,,,,,,,,,,,,,,1.0,,,,,4547597800850,861,3445.0,2018-03-10,4.0,0.0,9.0,5.0
,1.0,,,,,,,,,,,,,,,,,,,4547597800850,861,3445.0,2018-03-11,6.0,0.0,10.0,4.0
,,,,,,,,,,,,,,,1.0,,,,,4547597800850,861,3445.0,2018-03-12,6.0,0.0,9.0,3.0
,,,,,,,,,,,,,,,,,,,,4547597800850,861,3445.0,2018-03-13,2.0,0.0,11.0,9.0
,,,,,,,,,,,,,,,,,,,3.0,4547597800850,861,3445.0,2018-03-14,2.0,0.0,8.0,6.0
,,,,,,,,,,,,,,,,,,,,4547597800850,861,3445.0,2018-03-15,6.0,0.0,14.0,8.0
,,,,,,,,,,,,,,,,,,,,4547597800850,861,3445.0,2018-03-16,6.0,0.0,14.0,8.0
,,,,,,,,,,,,,,,,,,,,4547597800850,861,3445.0,2018-03-17,0.0,0.0,14.0,14.0
,1.0,,,,,,,,,,,,,,,,,,,4547597800850,861,3445.0,2018-03-18,1.0,0.0,14.0,13.0
,,,,,,,,,,,,,,,,,,,,4547597800850,861,3445.0,2018-03-19,1.0,0.0,14.0,13.0
,,,,,,,,,1.0,,,,,,,,,,,4547597800850,861,3445.0,2018-03-20,0.0,0.0,11.0,11.0
,4.0,,,,,,,,,,,,,,,,,,,4547597800850,861,3445.0,2018-03-21,5.0,0.0,14.0,9.0
,3.0,,,,,,,,,,,,,,,,,,1.0,4547597800850,861,3445.0,2018-03-22,11.0,0.0,16.0,5.0
,1.0,,,,,,,,,,,,,,,,,,,4547597800850,861,3445.0,2018-03-23,11.0,0.0,15.0,4.0
,1.0,,,,,,,,,,,,,,,,,,,4547597800850,861,3445.0,2018-03-24,0.0,0.0,15.0,15.0
,1.0,,,,,,,,,,,,,,-1.0,,,,,4547597800850,861,3445.0,2018-03-25,6.0,0.0,20.0,14.0
,,,,,,,,,,,,,,,,,,,,4547597800850,861,3445.0,2018-03-26,6.0,0.0,20.0,14.0
,,,,,,,,,,,,,,,,,,,,4547597800850,861,3445.0,2018-03-27,2.0,0.0,22.0,20.0
,,,,,,,,,,,,,,,,,,,,4547597800850,861,3445.0,2018-03-28,2.0,0.0,22.0,20.0
,2.0,,,,,,,,,,,,,,,,,,,4547597800850,861,3445.0,2018-03-29,2.0,0.0,20.0,18.0
,,,,,,,,,,,,,,,,,,,,4547597800850,861,3445.0,2018-03-30,2.0,0.0,20.0,18.0
,,,,,,,,,,,,,,,,,,,,4547597800850,861,3445.0,2018-03-31,2.0,0.0,20.0,18.0
,1.0,,,,,,,,,,,,,,1.0,,,,,4547597800850,861,3445.0,2018-04-01,2.0,0.0,18.0,16.0
,,,,,,,,,,,,,,,,,,,1.0,4547597800850,861,3445.0,2018-04-02,2.0,0.0,12.0,10.0
,1.0,,,,,,,,,,,,,,,,,,1.0,4547597800850,861,3445.0,2018-04-03,0.0,0.0,10.0,10.0
,2.0,,,,,,,,,,,,,,1.0,,,,,4547597800850,861,3445.0,2018-04-04,0.0,0.0,7.0,7.0
,1.0,,,,,,,,,,,,,,,,,,,4547597800850,861,3445.0,2018-04-05,1.0,0.0,7.0,6.0
,,,,,,,,,,,,,,,,,,,1.0,4547597800850,861,3445.0,2018-04-06,3.0,0.0,8.0,5.0
,,,,,,,,,,,,,,,2.0,,,,,4547597800850,861,3445.0,2018-04-07,2.0,0.0,6.0,4.0
,,,,,,,,,,,,,,,,,,,,4547597800850,861,3445.0,2018-04-08,5.0,0.0,9.0,4.0
,,,,,,,,,,,,,,,,,,,,4547597800850,861,3445.0,2018-04-09,16.0,0.0,20.0,4.0
,,,,,,,,,,,,,,,,,,,,4547597800850,861,3445.0,2018-04-10,11.0,0.0,19.0,8.0
,1.0,,,,,,,,,,,,,,1.0,,,,,4547597800850,861,3445.0,2018-04-11,11.0,0.0,18.0,7.0
,,,,,,,,,,,,,,,,,,,,4547597800850,861,3445.0,2018-04-12,0.0,0.0,18.0,18.0
,,,,,,,,,,,,,,,,,,,,4547597800850,861,3445.0,2018-04-13,0.0,0.0,18.0,18.0
,,,,,,,,,,,,,,,,,,,,4547597800850,861,3445.0,2018-04-14,0.0,0.0,18.0,18.0
,1.0,,,,,,,,,,,,,,,,,,,4547597800850,861,3445.0,2018-04-15,0.0,0.0,17.0,17.0
,2.0,,,,,,,,,,,,,,1.0,,,,,4547597800850,861,3445.0,2018-04-16,0.0,0.0,14.0,14.0
,3.0,,,,,,,,,,,,,,,,,,,4547597800850,861,3445.0,2018-04-17,0.0,0.0,11.0,11.0
,,,,,,,,,,,,,,,,,,,,4547597800850,861,3445.0,2018-04-18,0.0,0.0,11.0,11.0
,1.0,,,,,,,,,,,,,,,,,,,4547597800850,861,3445.0,2018-04-19,0.0,0.0,10.0,10.0
,1.0,,,,,,,,,,,,,,,,,,,4547597800850,861,3445.0,2018-04-20,0.0,0.0,9.0,9.0
,,,,,,,,,,,,,,,,,,,,4547597800850,861,3445.0,2018-04-21,0.0,0.0,9.0,9.0
,,,,,,,,,,,,,,,,,,,,4547597800850,861,3445.0,2018-04-22,0.0,0.0,9.0,9.0
,,,,,,,,,,,,,,,,,,,,4547597800850,861,3445.0,2018-04-23,0.0,0.0,9.0,9.0
,,,,,,,,,,,,,,,1.0,,,,,4547597800850,861,3445.0,2018-04-24,0.0,0.0,4.0,4.0
,4.0,,,,,,,,,,,,,,,,,,,4547597800850,861,3445.0,2018-04-25,3.0,0.0,7.0,4.0
,,,,,,,,,,,,,,,,,,,,4547597800850,861,3445.0,2018-04-26,4.0,0.0,8.0,4.0
,,,,,,,,,,,,,,,,,,,,4547597800850,861,3445.0,2018-04-27,4.0,0.0,8.0,4.0
,,,,,,,,,,,,,,,,,,,,4547597800850,861,3445.0,2018-04-28,0.0,0.0,8.0,8.0
,,,,,,,,,,,,,,,,,,,,4547597800850,861,3445.0,2018-04-29,0.0,0.0,8.0,8.0
,1.0,,,,,,,,,,,,,,,,,,,4547597800850,861,3445.0,2018-04-30,0.0,0.0,10.0,10.0
,,,,,,,,,,,,,,,,,,,,4547597800850,861,3445.0,2018-05-01,0.0,0.0,9.0,9.0
,,,,,,,,,,,,,,,1.0,,,,,4547597800850,861,3445.0,2018-05-02,0.0,0.0,9.0,9.0
,1.0,,,,,,,,,,,,,,1.0,,,,,4547597800850,861,3445.0,2018-05-03,0.0,0.0,7.0,7.0
,,,,,,,,,,,,,,,,,,,,4547597800850,861,3445.0,2018-05-04,0.0,0.0,7.0,7.0
,3.0,,,,,,,,,,,,,,,,,,,4547597800850,861,3445.0,2018-05-05,0.0,0.0,4.0,4.0
,1.0,,,,,,,,,,,,,,,,,,,4547597800850,861,3445.0,2018-05-06,0.0,0.0,3.0,3.0
,,,,,,,,,,,,,,,2.0,,,,,4547597800850,861,3445.0,2018-05-07,3.0,0.0,5.0,2.0
,,,,,,,,,,,,,,,,,,,,4547597800850,861,3445.0,2018-05-08,4.0,0.0,6.0,2.0
,2.0,,,,,,,,,,,,,,,,,,,4547597800850,861,3445.0,2018-05-09,2.0,0.0,7.0,5.0
,,,,,,,,,,,,,,,,,,,1.0,4547597800850,861,3445.0,2018-05-10,2.0,0.0,6.0,4.0
,,,,,,,,,,,,,,,,,,,,4547597800850,861,3445.0,2018-05-11,1.0,0.0,3.0,2.0
,3.0,,,,,,,,,,,,,,,,,,,4547597800850,861,3445.0,2018-05-12,0.0,0.0,3.0,3.0
,1.0,,,,,,,,,,,,,,,,,,,4547597800850,861,3445.0,2018-05-13,9.0,0.0,11.0,2.0
,,,,,,,,,,,,,,,,,,,1.0,4547597800850,861,3445.0,2018-05-14,9.0,0.0,10.0,1.0
,,,,,,,,,,,,,,,,,,,,4547597800850,861,3445.0,2018-05-15,0.0,0.0,10.0,10.0
,,,,,,,,,,,,,,,,,,,,4547597800850,861,3445.0,2018-05-16,0.0,0.0,10.0,10.0
,10.0,,,,,,,,,,,,,,,,,,,4547597800850,861,3445.0,2018-05-17,0.0,0.0,10.0,10.0
,,,,,,,,,,,,,,,,,,,,4547597800850,861,3445.0,2018-05-18,0.0,0.0,10.0,10.0
,,,,,,,,,,,,,,,,,,,,4547597800850,861,3445.0,2018-05-19,0.0,0.0,10.0,10.0
,,,,,,,,,,,,,,,,,,,,4547597800850,861,3445.0,2018-05-20,0.0,0.0,10.0,10.0
,,,,,,,,,,,,,,,,,,,,4547597800850,861,3445.0,2018-05-21,0.0,0.0,10.0,10.0
,,,,,,,,,,,,,,,,,,,,4547597800850,861,3445.0,2018-05-22,0.0,0.0,10.0,10.0
,4.0,,,,,,,,,,,,,,1.0,,,,,4547597800850,861,3445.0,2018-05-23,0.0,0.0,5.0,5.0
,,,,,,,,,,,,,,,,,,,,4547597800850,861,3445.0,2018-05-24,5.0,0.0,10.0,5.0
,1.0,,,,,,,,,,,,,,,,,,,4547597800850,861,3445.0,2018-05-25,5.0,0.0,9.0,4.0
,,,,,,,,,,,,,,,,,,,,4547597800850,861,3445.0,2018-05-26,0.0,0.0,8.0,8.0
,,,,,,,,,,,,,,,2.0,,,,,4547597800850,861,3445.0,2018-05-27,0.0,0.0,7.0,7.0
,,,,,,,,,,,,,,,,,,,,4547597800850,861,3445.0,2018-05-28,3.0,0.0,10.0,7.0
,,,,,,,,,,,,,,,1.0,,,,,4547597800850,861,3445.0,2018-05-29,3.0,0.0,8.0,5.0
,2.0,,,,,,,,,,,,,,,,,,,4547597800850,861,3445.0,2018-05-30,4.0,0.0,7.0,3.0
,2.0,,,,,,,,,,,,,,,,,,,4547597800850,861,3445.0,2018-05-31,4.0,0.0,10.0,6.0
,3.0,,,,,,,,,,,,,,,,,,,4547597800850,861,3445.0,2018-06-01,4.0,0.0,7.0,3.0
,,,,,,,,,,,,,,,,,,,,4547597800850,861,3445.0,2018-06-02,1.0,0.0,7.0,6.0
,,,,,,,,,,,,,,,,,,,,4547597800850,861,3445.0,2018-06-03,3.0,0.0,9.0,6.0
,2.0,,,,,,,,,,,,,,,,,,,4547597800850,861,3445.0,2018-06-04,3.0,0.0,7.0,4.0
,3.0,,,,,,,,,,,,,,,,,,,4547597800850,861,3445.0,2018-06-05,4.0,0.0,11.0,7.0
,,,,,,,,,,,,,,,,,,,,4547597800850,861,3445.0,2018-06-06,4.0,0.0,11.0,7.0
,,,,,,,,,,,,,,,,,,,,4547597800850,861,3445.0,2018-06-07,4.0,0.0,11.0,7.0
,2.0,,,,,,,,,,,,,,,,,,2.0,4547597800850,861,3445.0,2018-06-08,0.0,0.0,7.0,7.0
,1.0,,,,,,,,,,,,,,,,,,,4547597800850,861,3445.0,2018-06-09,3.0,0.0,9.0,6.0
,1.0,,,,,,,,,,,,,,,,,,,4547597800850,861,3445.0,2018-06-10,4.0,0.0,9.0,5.0
,1.0,,,,,1.0,,,,,,,,,,,,,,4547597800850,861,3445.0,2018-06-11,6.0,0.0,9.0,3.0
,,,,,,,,,,,,,,,,,,,,4547597800850,861,3445.0,2018-06-12,3.0,0.0,10.0,7.0
,,,,,,1.0,,,,,,,,,,,,,,4547597800850,861,3445.0,2018-06-13,3.0,0.0,9.0,6.0
,,,,,,,,,,,,,,,,,,,,4547597800850,861,3445.0,2018-06-14,3.0,0.0,11.0,8.0
,1.0,,,,,,,,,,,,,,,,,,,4547597800850,861,3445.0,2018-06-15,2.0,0.0,10.0,8.0
,,,,,,,,,,,,,,,,,,,,4547597800850,861,3445.0,2018-06-16,0.0,0.0,9.0,9.0
,2.0,,,,,,,,,,,,,,1.0,,,,,4547597800850,861,3445.0,2018-06-17,0.0,0.0,7.0,7.0
,,,,,,,,,,,,,,,,,,,,4547597800850,861,3445.0,2018-06-18,3.0,0.0,10.0,7.0
,4.0,,,,,,,,,,,,,,,,,,,4547597800850,861,3445.0,2018-06-19,3.0,0.0,6.0,3.0
,,,,,,1.0,,,,,,,,,1.0,,,,,4547597800850,861,3445.0,2018-06-20,4.0,0.0,8.0,4.0
,,,,,,,,,,,,,,,,,,,,4547597800850,861,3445.0,2018-06-21,6.0,0.0,10.0,4.0
,,,,,,,,,,,,,,,,,,,,4547597800850,861,3445.0,2018-06-22,2.0,0.0,10.0,8.0
,,,,,,,,,,,,,,,,,,,,4547597800850,861,3445.0,2018-06-23,0.0,0.0,10.0,10.0
,,,,,,,,,,,,,,,,,,,,4547597800850,861,3445.0,2018-06-24,0.0,0.0,10.0,10.0
,,,,,,,,,,,,,,,,,,,,4547597800850,861,3445.0,2018-06-25,1.0,0.0,11.0,10.0
,,,,,,,,,,,,,,,,,,,,4547597800850,861,3445.0,2018-06-26,2.0,0.0,12.0,10.0
,,,,,,,,,,,,,,,,,,,,4547597800850,861,3445.0,2018-06-27,1.0,0.0,12.0,11.0
,,,,,,,,,,,,,,,,,,,,4547597800850,861,3445.0,2018-06-28,1.0,0.0,12.0,11.0
,,,,,,,,,,,,,,,1.0,,,,,4547597800850,861,3445.0,2018-06-29,1.0,0.0,11.0,10.0
,,,,,,,,,,,,,,,,,,,,4547597800850,861,3445.0,2018-06-30,1.0,0.0,11.0,10.0
,1.0,,,,,,,,,,,,,,,,,,,4547597800850,861,3445.0,2018-07-01,1.0,0.0,10.0,9.0
,,,,,,,,,,,,,,,,,,,,4547597800850,861,3445.0,2018-07-02,1.0,0.0,10.0,9.0
,7.0,,,,,,,,,,,,,,,,,,1.0,4547597800850,861,3445.0,2018-07-03,0.0,0.0,2.0,2.0
,,,,,,,,,,,,,,,,,,,,4547597800850,861,3445.0,2018-07-04,6.0,0.0,8.0,2.0
,3.0,,,,,,,,,,,,,,,,,,,4547597800850,861,3445.0,2018-07-05,7.0,0.0,9.0,2.0
,3.0,,,,,,,,,,,,,,1.0,,,,,4547597800850,861,3445.0,2018-07-06,2.0,0.0,9.0,7.0
,1.0,,,,,,,,,,,,,,,,,,,4547597800850,861,3445.0,2018-07-07,1.0,0.0,8.0,7.0
,1.0,,,,,,,,,,,,,,,,,,,4547597800850,861,3445.0,2018-07-08,2.0,0.0,8.0,6.0
,,,,,,,,,,,,,,,,,,,1.0,4547597800850,861,3445.0,2018-07-09,17.0,0.0,22.0,5.0
,3.0,,,,,,,,,,,,,,,,,,,4547597800850,861,3445.0,2018-07-10,15.0,0.0,19.0,4.0
,5.0,,,,,,,,,,,,,,,,,,2.0,4547597800850,861,3445.0,2018-07-11,14.0,0.0,16.0,2.0
,,,,,,,,,,,,,,,,,,,,4547597800850,861,3445.0,2018-07-12,14.0,0.0,16.0,2.0
,,,,,,,,,,,,,,,,,,,,4547597800850,861,3445.0,2018-07-13,0.0,0.0,16.0,16.0
,,,,,,,,,,,,,,,,,,,,4547597800850,861,3445.0,2018-07-14,0.0,0.0,16.0,16.0
,,,,,,,,,,,,,,,,,,,,4547597800850,861,3445.0,2018-07-15,0.0,0.0,16.0,16.0
,,,,,,,,,,,,,,,1.0,,,,,4547597800850,861,3445.0,2018-07-16,0.0,0.0,15.0,15.0
,,,,,,,,,,,,,,,,,,,,4547597800850,861,3445.0,2018-07-17,10.0,0.0,24.0,14.0
,2.0,,,,,,,,,,,,,,,,,,,4547597800850,861,3445.0,2018-07-18,10.0,0.0,23.0,13.0
,,,,,,,,,,,,,,,,,,,,4547597800850,861,3445.0,2018-07-19,10.0,0.0,23.0,13.0
,,,,,,,,,,,,,,,,,,,,4547597800850,861,3445.0,2018-07-20,0.0,0.0,23.0,23.0
,,,,,,,,,,,,,,,1.0,,,,,4547597800850,861,3445.0,2018-07-21,0.0,0.0,22.0,22.0
,,,,,,,,,,,,,,,1.0,,,,,4547597800850,861,3445.0,2018-07-22,0.0,0.0,21.0,21.0
,,,,,,,,,,,,,,,,,,,,4547597800850,861,3445.0,2018-07-23,0.0,0.0,21.0,21.0
,,,,,,,,,,,,,,,,,,,,4547597800850,861,3445.0,2018-07-24,0.0,0.0,21.0,21.0
,,,,,,,,,,,,,,,,,,,,4547597800850,861,3445.0,2018-07-25,0.0,0.0,21.0,21.0
,,,,,,,,,,,,,,,,,,,,4547597800850,861,3445.0,2018-07-26,0.0,0.0,20.0,20.0
,,,,,,,,,,,,,,,,,,,,4547597800850,861,3445.0,2018-07-27,0.0,0.0,20.0,20.0
,,,,,,,,,,,,,,,,,,,,4547597800850,861,3445.0,2018-07-28,0.0,0.0,20.0,20.0
,,,,,,,,,,,,,,,,,,,,4547597800850,861,3445.0,2018-07-29,0.0,0.0,20.0,20.0
,,,,,,,,,,,,,,,,,,,,4547597800850,861,3445.0,2018-07-30,0.0,0.0,20.0,20.0
,,,,,,,,,,,,,,,1.0,,,,,4547597800850,861,3445.0,2018-07-31,0.0,0.0,19.0,19.0
